title,genre,studio,rating_mpaa,budget,revenue,popularity,vote_average,vote_count,runtime,release_year,release_month
Movie_1,Comedy,Lionsgate,PG-13,72279924,61233776,5.5,8.4,416,103.0,2015,10
Movie_2,Comedy,Sony,PG-13,33736228,39782701,3.3,5.3,282,94.0,2006,11
Movie_3,Horror,Netflix,PG-13,86636022,85120732,30.4,6.6,3568,116.0,2012,1
Movie_4,Thriller,Disney,PG-13,247676948,338884187,36.8,5.2,2070,136.0,2021,10
Movie_5,Horror,Lionsgate,PG-13,30069320,36983965,1.0,5.8,71,72.0,2004,8
Movie_6,Comedy,Paramount,PG,30069912,98032605,82.6,5.6,10812,112.0,2002,9
Movie_7,Drama,Warner Bros,PG-13,264950978,164252177,1.6,7.7,103,106.0,1991,7
Movie_8,Horror,Sony,PG-13,100024096,52457170,23.4,6.1,1971,123.0,2008,8
Movie_9,Horror,Disney,PG-13,22671761,41170964,37.0,7.6,5049,114.0,2013,4
Movie_10,Animation,Paramount,PG-13,76367826,105830858,61.4,7.1,4021,94.0,2013,4
Movie_11,Horror,Sony,R,22837141,46437396,37.6,8.8,2191,,2000,2
Movie_12,Comedy,Universal,PG,22773867,32237062,48.5,5.0,4775,94.0,2011,8
Movie_13,Drama,A24,R,53241819,50610670,12.4,7.8,995,131.0,2004,11
Movie_14,Thriller,Paramount,G,4009045,39520750,50.6,7.6,5380,110.0,1999,2
Movie_15,Action,Netflix,R,5025817,5362698,2.5,5.5,325,148.0,2016,9
Movie_16,Thriller,Netflix,PG-13,20282215,69115729,67.6,7.5,4307,108.0,1998,4
Movie_17,Drama,Sony,PG-13,11811718,28486153,23.8,6.8,2572,95.0,2017,1
Movie_18,Sci-Fi,Netflix,PG-13,58066345,112640298,51.0,6.3,5128,79.0,1990,4
Movie_19,Horror,Paramount,G,13394719,20938683,18.1,5.7,1165,73.0,2006,3
Movie_20,Thriller,Warner Bros,PG-13,7313522,30989322,30.9,5.8,3473,78.0,2020,12
Movie_21,Sci-Fi,Warner Bros,PG,231196492,350829839,22.4,8.5,1732,,1999,6
Movie_22,Sci-Fi,A24,PG-13,30373116,67786579,39.5,6.5,3901,120.0,2018,7
Movie_23,Drama,Warner Bros,PG-13,43186298,17284817,2.6,7.3,151,78.0,2007,8
Movie_24,Drama,Lionsgate,R,7205118,6346987,1.9,5.7,182,127.0,1995,2
Movie_25,Animation,Universal,PG,20722709,19337068,8.5,5.7,685,100.0,2001,6
Movie_26,Horror,Warner Bros,R,45494732,49273187,5.2,7.6,687,112.0,2003,6
Movie_27,Action,Netflix,PG-13,10007123,48413068,61.6,5.2,3430,,1999,10
Movie_28,Romance,Universal,PG,62510032,34090342,7.4,6.1,679,127.0,2009,12
Movie_29,Comedy,Warner Bros,PG-13,19369952,93281573,111.7,6.5,10705,104.0,2004,5
Movie_30,Thriller,Lionsgate,PG,28063139,8938310,12.3,6.6,1506,92.0,2020,10
Movie_31,Drama,Netflix,PG,19345145,30921970,6.0,6.3,644,,1996,10
Movie_32,Thriller,Paramount,PG-13,367683775,253114341,46.8,6.9,5462,95.0,1999,7
Movie_33,Romance,Sony,PG-13,39184951,56621571,32.3,7.2,4124,105.0,1999,3
Movie_34,Romance,Sony,R,11192415,23555640,20.7,7.2,2819,90.0,2017,4
Movie_35,Horror,Warner Bros,PG-13,106862540,150580999,24.3,5.5,1977,107.0,2019,10
Movie_36,Sci-Fi,Sony,R,9202517,23875133,38.1,6.2,3954,111.0,1992,9
Movie_37,Horror,Warner Bros,R,51168584,46584896,7.8,7.7,1045,105.0,2004,4
Movie_38,Comedy,Warner Bros,R,3791968,137157069,168.3,7.4,25067,96.0,2010,3
Movie_39,Action,Netflix,PG-13,8090302,90884219,110.4,5.1,15340,113.0,2001,2
Movie_40,Thriller,A24,PG,50436893,96415715,31.5,6.9,2745,118.0,1993,5
Movie_41,Comedy,Disney,PG,96606819,47276624,6.7,,465,88.0,1998,4
Movie_42,Animation,Disney,PG-13,48917312,78101527,34.2,6.5,3383,138.0,2017,8
Movie_43,Action,A24,PG-13,34664340,34317179,2.2,8.4,273,108.0,2012,7
Movie_44,Thriller,Disney,PG,27748034,36828298,0.9,5.6,89,110.0,2011,6
Movie_45,Comedy,Universal,PG-13,6754865,9801183,8.9,5.7,875,124.0,2013,11
Movie_46,Drama,Disney,G,16788202,22786469,18.6,7.3,2489,114.0,2015,12
Movie_47,Thriller,Warner Bros,R,22913423,69250623,60.8,5.0,5237,129.0,2019,2
Movie_48,Comedy,Lionsgate,PG,141604238,167480310,39.0,5.9,5303,115.0,2022,3
Movie_49,Romance,Lionsgate,PG-13,60149395,38678697,40.7,7.1,3690,97.0,2005,10
Movie_50,Action,Paramount,R,4801081,13853165,16.6,5.9,1374,117.0,2011,9
Movie_51,Comedy,Netflix,PG,58755819,64857546,12.7,6.3,1211,87.0,2007,9
Movie_52,Drama,Disney,PG-13,25088026,38935561,13.9,7.2,1754,112.0,1996,5
Movie_53,Horror,Lionsgate,R,17675562,91738136,,6.9,8250,109.0,2015,3
Movie_54,Thriller,Disney,PG-13,82971816,100000,,,83,105.0,1997,2
Movie_55,Animation,Netflix,PG,137234188,186320994,60.5,6.2,8781,107.0,1995,8
Movie_56,Thriller,Paramount,PG-13,121756796,54420501,25.9,6.9,1749,72.0,2019,6
Movie_57,Thriller,Lionsgate,PG-13,14547634,12243104,17.3,6.4,1847,99.0,2012,10
Movie_58,Drama,Warner Bros,PG-13,27479343,18625292,38.8,7.0,4187,111.0,2021,11
Movie_59,Action,Universal,PG,59264208,80665338,20.0,6.0,1979,113.0,2011,12
Movie_60,Thriller,A24,PG-13,128399127,154519048,62.0,6.3,7097,89.0,1998,7
Movie_61,Action,A24,PG-13,22409396,60668787,69.3,5.5,5057,,2020,1
Movie_62,Comedy,A24,R,31871068,54856730,16.4,6.5,1726,92.0,1996,1
Movie_63,Romance,Disney,PG-13,10558038,17679989,9.7,5.7,846,129.0,1998,10
Movie_64,Animation,Lionsgate,R,9478646,33409051,26.9,5.4,3124,118.0,2002,2
Movie_65,Romance,Netflix,PG-13,105585434,71507315,73.0,6.8,4680,97.0,1992,10
Movie_66,Action,Netflix,R,202750767,164468547,7.1,6.7,760,145.0,2022,3
Movie_67,Action,Lionsgate,PG-13,36527934,24264267,29.3,7.3,2007,86.0,2010,12
Movie_68,Romance,Paramount,PG-13,132784686,113714364,30.0,6.1,2335,128.0,2020,1
Movie_69,Thriller,Warner Bros,PG-13,61464063,68550874,39.6,6.9,2846,130.0,2023,5
Movie_70,Sci-Fi,Sony,R,18363146,21965155,,7.1,286,96.0,2021,3
Movie_71,Sci-Fi,Lionsgate,PG-13,61446333,79120959,,6.9,4997,137.0,2004,1
Movie_72,Drama,Universal,PG-13,252177529,311873731,71.9,5.7,5649,104.0,2021,8
Movie_73,Animation,Paramount,PG-13,38148948,45887358,5.9,6.6,842,115.0,1995,12
Movie_74,Horror,Lionsgate,R,260359099,439139394,8.1,6.9,1190,115.0,2010,11
Movie_75,Romance,Lionsgate,PG-13,1717372,77295304,106.6,,11419,107.0,2022,6
Movie_76,Romance,Paramount,PG-13,106780192,49001119,6.0,4.4,385,,2021,9
Movie_77,Drama,Paramount,PG-13,44209775,78727540,57.8,6.7,5054,125.0,2008,3
Movie_78,Animation,Disney,PG-13,27817925,28745233,20.3,8.7,2634,75.0,2022,9
Movie_79,Sci-Fi,Lionsgate,R,44460554,67647961,,6.1,737,136.0,2017,9
Movie_80,Comedy,Sony,R,3667120,40426258,61.4,5.8,3604,76.0,2020,12
Movie_81,Thriller,Universal,PG-13,30596425,30145294,17.7,,1870,130.0,2010,12
Movie_82,Thriller,Warner Bros,PG-13,61131331,54066201,21.7,6.8,2918,132.0,2023,1
Movie_83,Comedy,Warner Bros,R,234618853,265288791,13.4,7.7,1736,88.0,2004,3
Movie_84,Comedy,Sony,PG-13,21382336,32900669,27.0,5.2,1822,101.0,2003,6
Movie_85,Animation,Netflix,R,15093997,12167070,5.4,7.2,633,87.0,2008,8
Movie_86,Sci-Fi,Paramount,PG,21810270,41572925,14.9,7.1,1073,,2004,4
Movie_87,Drama,Paramount,PG,119458852,121980255,104.6,6.4,7512,103.0,1995,5
Movie_88,Comedy,Netflix,PG,59085808,55081226,9.0,6.8,1236,125.0,1998,9
Movie_89,Drama,Paramount,PG-13,21089540,43236366,32.1,7.5,2406,136.0,2009,6
Movie_90,Animation,Netflix,R,73730043,18572671,11.8,7.4,900,137.0,2023,12
Movie_91,Horror,Lionsgate,G,44745125,71095826,44.5,5.4,2227,98.0,2015,7
Movie_92,Action,Netflix,R,127340350,51379167,4.2,7.3,575,105.0,2007,7
Movie_93,Thriller,Paramount,PG-13,17150472,99008822,105.0,6.4,13572,76.0,2017,4
Movie_94,Sci-Fi,Paramount,R,26877644,24282598,18.1,6.6,2040,93.0,1998,4
Movie_95,Thriller,Lionsgate,PG-13,24877397,32869633,8.1,6.6,1012,129.0,2021,4
Movie_96,Sci-Fi,Netflix,R,6877612,9992285,2.3,6.3,149,142.0,1995,11
Movie_97,Animation,Lionsgate,G,56816897,68903177,5.6,7.7,536,85.0,2003,5
Movie_98,Action,Sony,R,54475756,63800870,22.0,6.4,1872,98.0,2017,5
Movie_99,Thriller,Disney,PG-13,40069906,35958641,12.3,5.4,730,109.0,2013,8
Movie_100,Action,Lionsgate,PG-13,30053672,54065527,53.0,6.1,5226,115.0,2002,9
Movie_101,Animation,Universal,R,7286654,23368891,16.9,6.7,2401,93.0,2001,2
Movie_102,Sci-Fi,Paramount,PG-13,24039902,17733602,8.6,7.7,464,118.0,2008,11
Movie_103,Comedy,Disney,PG,26396515,29125239,28.8,7.1,2279,,2010,7
Movie_104,Horror,Warner Bros,PG-13,15207013,39818920,36.8,,2603,109.0,2016,1
Movie_105,Thriller,Sony,PG-13,32816997,19362869,5.5,9.0,405,120.0,2008,1
Movie_106,Action,Netflix,PG-13,64673431,31459198,5.5,6.8,774,110.0,2013,4
Movie_107,Romance,Disney,PG-13,382953098,85991388,1.1,7.8,106,101.0,2015,10
Movie_108,Thriller,Lionsgate,G,49106078,57529339,40.0,6.3,3865,107.0,2017,7
Movie_109,Thriller,Paramount,PG-13,54247120,66196875,32.7,7.0,4122,108.0,2007,2
Movie_110,Thriller,Paramount,PG,36421320,44854544,19.3,7.3,1263,102.0,2018,11
Movie_111,Drama,Paramount,R,3982715,43617684,55.8,7.7,5508,104.0,2006,2
Movie_112,Action,Disney,G,38577638,72674701,49.1,7.6,4566,141.0,1993,1
Movie_113,Action,Paramount,PG-13,42809742,49969317,,7.4,2895,121.0,2018,10
Movie_114,Thriller,Lionsgate,PG,765385766,600264152,,6.2,9117,104.0,1993,2
Movie_115,Animation,Netflix,PG,31615777,36944231,6.9,5.9,875,123.0,1999,7
Movie_116,Animation,Disney,PG-13,57188123,77306858,3.6,6.8,323,103.0,2014,9
Movie_117,Comedy,Paramount,PG-13,38199992,39684074,9.4,7.4,1247,133.0,2020,6
Movie_118,Thriller,Warner Bros,G,9796995,7139166,1.8,6.3,120,117.0,1992,10
Movie_119,Drama,Warner Bros,G,156942079,76982681,22.7,7.6,1204,107.0,1991,2
Movie_120,Sci-Fi,Universal,PG,98180643,74852041,82.8,8.0,5832,118.0,2014,12
Movie_121,Drama,Paramount,R,102896927,110540382,1.2,5.6,100,78.0,1995,10
Movie_122,Animation,Paramount,PG-13,13372822,16527939,3.9,5.7,394,87.0,2015,10
Movie_123,Comedy,Disney,G,214399825,234120515,18.1,6.4,2018,86.0,1997,9
Movie_124,Animation,Disney,PG-13,7405834,69285534,81.5,6.8,11496,112.0,2016,7
Movie_125,Animation,A24,R,80537100,117755857,11.4,6.0,1151,144.0,2014,11
Movie_126,Animation,Netflix,R,551717529,349379359,21.2,7.9,2122,154.0,2007,1
Movie_127,Thriller,Paramount,R,12131991,15133319,1.3,6.9,71,122.0,1990,12
Movie_128,Animation,Universal,PG-13,20184846,18747069,4.8,6.5,256,,1992,9
Movie_129,Action,Netflix,PG,44883537,116888855,129.4,5.1,13602,73.0,1993,2
Movie_130,Horror,Paramount,PG,21765336,91814917,100.7,5.2,9447,99.0,2004,4
Movie_131,Romance,Netflix,R,6194695,6046784,0.1,6.8,13,94.0,1997,9
Movie_132,Thriller,Lionsgate,R,43239957,98290160,91.0,4.4,6012,97.0,2008,4
Movie_133,Comedy,Disney,PG-13,11130899,27778599,30.6,7.5,1606,106.0,2015,3
Movie_134,Action,Paramount,PG-13,70302007,97046021,60.7,6.3,5760,100.0,1999,1
Movie_135,Drama,Netflix,PG-13,13212724,34976939,18.2,9.7,1342,70.0,2003,7
Movie_136,Animation,Disney,PG-13,255803795,339051973,21.7,8.8,1192,124.0,2008,6
Movie_137,Sci-Fi,Paramount,PG-13,15558163,31916873,20.1,6.3,2461,88.0,2019,10
Movie_138,Sci-Fi,Sony,PG-13,27058890,43393176,33.0,6.4,2018,114.0,1994,4
Movie_139,Horror,Disney,G,105711121,130401983,4.5,7.5,498,151.0,2020,6
Movie_140,Thriller,Netflix,PG-13,9092521,9747968,0.9,8.2,70,91.0,1996,6
Movie_141,Drama,Universal,PG-13,52323278,49387069,11.0,4.9,740,70.0,2008,4
Movie_142,Horror,Sony,G,191150437,154447768,36.6,4.7,3219,104.0,2020,6
Movie_143,Romance,Lionsgate,PG,5786395,9609828,6.8,5.9,884,132.0,2013,10
Movie_144,Romance,Paramount,PG-13,49702243,100000,33.6,7.1,2997,149.0,2023,11
Movie_145,Horror,A24,R,54399164,126941935,105.1,7.0,13145,85.0,2012,8
Movie_146,Comedy,Lionsgate,R,101766084,63402748,3.0,7.6,187,119.0,1995,3
Movie_147,Sci-Fi,Disney,G,9026354,38247484,33.5,5.3,4263,100.0,2016,4
Movie_148,Drama,Sony,PG-13,8165692,17989736,17.6,4.2,1297,107.0,2000,10
Movie_149,Thriller,Lionsgate,PG-13,74501504,68885378,60.8,7.4,7158,162.0,1994,12
Movie_150,Animation,Universal,PG-13,56875862,48501898,5.8,5.7,618,79.0,2006,1
Movie_151,Action,A24,R,53789638,48341520,35.4,4.5,5059,115.0,1996,4
Movie_152,Thriller,Disney,R,60354004,96700016,54.6,6.6,4844,119.0,2016,11
Movie_153,Thriller,Sony,PG-13,17609874,69365317,86.8,7.3,4914,131.0,2004,10
Movie_154,Drama,Lionsgate,R,52625136,83094685,34.5,6.4,1791,111.0,2002,10
Movie_155,Sci-Fi,Sony,R,56609477,43145019,20.6,6.0,2733,116.0,2000,12
Movie_156,Drama,Sony,R,16899224,34121263,28.9,6.3,2961,102.0,2015,9
Movie_157,Action,Lionsgate,PG-13,373687114,140969269,61.0,6.1,7778,115.0,2011,8
Movie_158,Horror,Warner Bros,PG-13,70322299,92420129,25.4,5.2,1865,103.0,2017,11
Movie_159,Drama,Paramount,PG-13,9534580,10208551,0.9,5.8,76,122.0,2013,4
Movie_160,Comedy,Netflix,G,87562583,136017653,80.2,7.0,4251,102.0,2018,12
Movie_161,Thriller,Disney,PG,12365019,37708022,35.1,6.8,5129,117.0,1998,7
Movie_162,Sci-Fi,Disney,R,102410676,123787409,33.9,6.7,3959,109.0,1993,10
Movie_163,Animation,A24,PG-13,159940862,236334441,7.3,5.5,1046,132.0,2007,3
Movie_164,Romance,A24,R,14874832,31297573,32.3,6.3,2472,108.0,2005,9
Movie_165,Action,A24,PG,126537764,119081751,15.0,4.3,1667,74.0,2022,10
Movie_166,Romance,Disney,PG,65354516,47138309,31.6,6.7,3724,135.0,2018,4
Movie_167,Thriller,Sony,R,106800395,50602070,3.4,7.9,277,91.0,1999,2
Movie_168,Drama,A24,PG-13,387858670,350242029,32.2,5.0,4340,96.0,1998,10
Movie_169,Romance,Lionsgate,PG,29666655,213113330,223.3,5.9,32315,98.0,2020,5
Movie_170,Comedy,Paramount,R,16119118,12406886,1.5,6.8,207,,2017,2
Movie_171,Drama,Universal,R,13695565,94466047,113.4,7.8,14051,70.0,1992,10
Movie_172,Thriller,Disney,PG-13,14962051,19824505,15.7,6.1,1220,172.0,2003,6
Movie_173,Romance,Lionsgate,R,36305432,61576516,61.4,5.8,4799,131.0,2014,11
Movie_174,Animation,Paramount,PG-13,59971641,91357281,45.8,4.5,6702,114.0,2004,10
Movie_175,Horror,Paramount,R,55507514,26272391,25.1,6.6,1280,108.0,1991,1
Movie_176,Action,Warner Bros,R,107458995,170902587,40.2,8.5,4888,115.0,2013,6
Movie_177,Romance,Netflix,PG,40451014,68440008,63.2,,7623,120.0,2003,4
Movie_178,Animation,Lionsgate,PG-13,227859756,259314905,15.5,6.5,1740,122.0,1996,3
Movie_179,Horror,Disney,G,28988559,17960675,11.9,6.8,1773,121.0,2013,2
Movie_180,Horror,A24,G,1041786640,1134002796,33.0,6.5,2679,111.0,2016,7
Movie_181,Romance,Sony,R,84376612,123243853,49.5,5.7,4157,106.0,2019,9
Movie_182,Sci-Fi,A24,PG-13,14237799,40118315,43.1,7.3,2495,106.0,2016,12
Movie_183,Romance,Paramount,R,11016767,37481258,48.0,6.7,4525,106.0,2004,3
Movie_184,Thriller,Paramount,R,71055150,75154793,17.2,6.5,1309,132.0,2015,6
Movie_185,Horror,Universal,R,30457555,44120844,51.1,5.5,4309,121.0,1990,9
Movie_186,Action,A24,R,93811742,68478529,3.8,7.8,507,70.0,1993,2
Movie_187,Thriller,Netflix,PG-13,70272081,103727265,23.6,7.2,3387,123.0,2018,7
Movie_188,Comedy,Netflix,PG-13,36492061,40948966,0.2,5.9,13,113.0,1990,5
Movie_189,Drama,Warner Bros,PG,14415975,19578330,11.8,7.5,1029,109.0,2011,5
Movie_190,Romance,Netflix,PG-13,6466744,13415865,13.7,6.0,1957,102.0,2000,11
Movie_191,Sci-Fi,Paramount,PG-13,23305083,33908256,15.1,5.7,848,132.0,1999,7
Movie_192,Action,Paramount,PG-13,111293181,111975344,35.7,5.7,2114,128.0,2006,9
Movie_193,Sci-Fi,Netflix,PG-13,51490737,2762685,14.8,4.7,980,94.0,2015,4
Movie_194,Sci-Fi,Sony,R,8931665,22811406,17.9,7.0,1960,118.0,2010,9
Movie_195,Sci-Fi,Sony,R,49023832,43845871,8.1,4.7,526,90.0,2002,11
Movie_196,Romance,Netflix,PG-13,63235781,92113802,14.0,5.3,2055,82.0,1998,10
Movie_197,Action,Universal,PG-13,13788853,10296072,7.7,4.4,728,97.0,2000,9
Movie_198,Action,Lionsgate,G,47892531,100000,2.3,6.4,230,127.0,2000,4
Movie_199,Horror,Universal,PG-13,42706020,56918240,27.7,6.3,2068,129.0,1995,3
Movie_200,Sci-Fi,Universal,R,10103936,32237525,33.1,6.2,3213,120.0,1990,2
Movie_201,Horror,Netflix,PG,61180852,28807989,29.0,5.5,3369,124.0,1995,9
Movie_202,Horror,Sony,R,78056340,45921834,18.7,5.3,2339,120.0,2002,12
Movie_203,Drama,A24,PG-13,146079491,288591915,14.3,7.0,1793,97.0,2011,2
Movie_204,Romance,A24,PG,141041180,138311471,59.7,,6435,118.0,2020,6
Movie_205,Romance,Netflix,PG-13,7623885,25506206,22.0,6.8,3089,126.0,2011,5
Movie_206,Thriller,A24,PG-13,12924172,21939641,19.6,5.6,2582,125.0,2016,5
Movie_207,Animation,Lionsgate,PG-13,73886620,100000,0.8,6.7,100,133.0,2003,4
Movie_208,Horror,Sony,R,73775934,61634362,12.5,7.8,694,124.0,1994,6
Movie_209,Romance,Netflix,R,73887721,59918210,14.4,7.1,729,117.0,2021,5
Movie_210,Sci-Fi,Warner Bros,PG-13,4055248434,2605386506,15.3,6.1,1090,131.0,2023,11
Movie_211,Animation,Disney,R,79008706,78633915,26.0,6.8,3025,109.0,1996,4
Movie_212,Comedy,Disney,PG-13,155581266,156533089,22.9,,2086,92.0,1999,9
Movie_213,Sci-Fi,Netflix,R,125122287,111704639,28.1,6.5,2535,106.0,2006,6
Movie_214,Action,Netflix,PG,87021824,59337010,43.4,6.2,6009,95.0,2019,11
Movie_215,Romance,Warner Bros,R,27280341,66317587,50.3,6.3,7019,96.0,2010,10
Movie_216,Animation,A24,PG-13,99013133,31713144,38.0,6.7,5354,107.0,2002,10
Movie_217,Romance,Disney,PG-13,15754076,61584665,93.4,5.5,7601,94.0,1990,10
Movie_218,Thriller,Lionsgate,PG,29973303,33282914,0.6,5.5,71,103.0,1990,3
Movie_219,Horror,Netflix,PG-13,22243574,26558036,6.5,5.1,501,72.0,2022,10
Movie_220,Comedy,Sony,PG,43936192,34266260,0.2,4.9,13,114.0,2014,6
Movie_221,Romance,Disney,PG,640391508,174793857,31.3,5.3,2142,110.0,2015,1
Movie_222,Thriller,Lionsgate,R,4236643,47975648,68.5,6.7,5768,93.0,2002,5
Movie_223,Thriller,Sony,R,90740308,68817558,8.4,5.6,781,123.0,2017,10
Movie_224,Comedy,Netflix,R,5750175,61073472,78.5,7.0,10447,128.0,2022,6
Movie_225,Sci-Fi,Lionsgate,R,22605001,12585703,1.9,6.5,117,77.0,2019,11
Movie_226,Sci-Fi,Warner Bros,R,147117289,217109459,81.7,4.5,10089,94.0,1997,8
Movie_227,Sci-Fi,Netflix,PG-13,43018293,68154730,13.0,7.2,1340,94.0,1990,11
Movie_228,Drama,Universal,PG,10926551,9012050,3.2,7.3,252,91.0,2001,9
Movie_229,Horror,Warner Bros,R,16879924,32581725,20.0,5.5,1985,126.0,1994,11
Movie_230,Animation,Disney,R,90017738,8966447,8.9,6.9,711,106.0,2013,3
Movie_231,Horror,Sony,PG-13,16577551,24898875,10.1,5.6,1107,104.0,1995,2
Movie_232,Sci-Fi,Lionsgate,PG-13,51637066,32258237,11.0,6.6,1027,70.0,2014,4
Movie_233,Comedy,Disney,PG-13,42063300,69641828,48.7,5.2,3235,122.0,1990,8
Movie_234,Drama,Disney,R,18220895,27231007,23.2,4.7,1430,85.0,2014,11
Movie_235,Horror,Netflix,PG-13,521767637,700937828,11.2,6.1,1172,111.0,1990,8
Movie_236,Sci-Fi,Universal,R,85216260,60452553,28.3,6.4,3968,115.0,2021,3
Movie_237,Drama,A24,R,3505448,28964374,37.8,6.1,3190,137.0,1992,4
Movie_238,Animation,Disney,PG-13,49810939,41371739,9.5,5.3,1171,83.0,2008,3
Movie_239,Comedy,Universal,PG-13,17999530,24965854,16.0,6.1,1853,70.0,2018,10
Movie_240,Sci-Fi,Sony,PG-13,110764845,83532056,3.9,6.8,558,113.0,1991,2
Movie_241,Animation,Sony,G,15386100,11688235,6.0,6.5,792,146.0,1998,4
Movie_242,Action,Lionsgate,PG,34702291,52032126,34.3,6.7,3658,134.0,2006,6
Movie_243,Animation,A24,R,73001075,60959504,6.0,5.8,694,114.0,2006,11
Movie_244,Romance,Universal,PG-13,112549787,118286445,22.3,7.7,3118,100.0,2001,11
Movie_245,Comedy,Warner Bros,PG,9432241,33020621,37.0,5.3,3328,126.0,2009,5
Movie_246,Animation,Sony,PG-13,26657964,32097535,3.4,7.0,281,90.0,1992,3
Movie_247,Animation,Netflix,R,22523406,41452948,25.1,7.7,1282,119.0,1993,2
Movie_248,Thriller,A24,PG-13,18183132,13715056,8.9,7.0,1180,120.0,2006,9
Movie_249,Thriller,Lionsgate,R,331303386,455279617,98.8,6.3,12853,131.0,2004,1
Movie_250,Animation,Warner Bros,PG-13,64745713,33364491,19.8,6.0,1196,165.0,2022,9
Movie_251,Animation,Sony,PG-13,8770805,44275031,49.2,7.5,5298,117.0,2005,1
Movie_252,Comedy,Sony,G,119811991,142176447,24.0,5.1,2313,99.0,2000,7
Movie_253,Thriller,Lionsgate,PG-13,508302568,18841140,1.3,5.5,80,,2009,6
Movie_254,Horror,Lionsgate,PG-13,137475779,139055580,30.1,6.1,4456,74.0,2013,7
Movie_255,Comedy,Paramount,PG,6431742,62254095,90.7,7.7,6482,96.0,2005,3
Movie_256,Action,Netflix,PG-13,22273743,27988777,27.6,6.9,1565,101.0,2019,3
Movie_257,Comedy,Disney,PG-13,182141311,281013454,,5.5,5616,99.0,2023,11
Movie_258,Sci-Fi,Disney,PG-13,17035273,57553977,64.7,6.2,8015,113.0,1990,1
Movie_259,Sci-Fi,Warner Bros,R,67834624,37117588,7.8,5.9,415,93.0,2013,4
Movie_260,Drama,Disney,PG-13,100891966,88962377,7.1,5.8,822,132.0,2013,12
Movie_261,Thriller,Warner Bros,PG-13,13094245,34058308,28.3,7.5,2921,,1998,2
Movie_262,Animation,A24,R,37079305,37430551,15.9,5.1,959,109.0,2011,10
Movie_263,Romance,Sony,R,814621,35927756,55.0,8.1,3698,103.0,2001,8
Movie_264,Thriller,Paramount,R,11649045,61101379,69.1,7.3,7379,113.0,2006,3
Movie_265,Horror,Paramount,PG-13,29412144,6539369,13.1,7.6,1043,126.0,2014,7
Movie_266,Comedy,Netflix,R,8909780,11620850,8.1,6.0,1165,92.0,2017,7
Movie_267,Romance,Netflix,PG-13,282416521,197213820,45.5,6.4,6000,96.0,2004,12
Movie_268,Romance,Sony,PG,7158638,14747539,9.6,5.1,1424,103.0,2019,9
Movie_269,Animation,Lionsgate,R,23486741,27964033,51.9,6.0,3942,83.0,2016,6
Movie_270,Animation,Netflix,PG-13,46589637,97874684,16.5,7.0,2425,,2011,1
Movie_271,Thriller,Netflix,PG,224531809,249964347,33.0,7.8,3073,100.0,1999,8
Movie_272,Romance,Universal,PG,7109663,8119115,3.0,5.4,254,127.0,2020,1
Movie_273,Romance,Universal,R,160820034,222537931,29.3,6.1,1612,115.0,2016,3
Movie_274,Sci-Fi,Disney,PG,40316834,81036951,18.0,6.3,994,113.0,2001,11
Movie_275,Action,Lionsgate,PG,12264133,33648887,26.5,5.1,3158,127.0,2020,5
Movie_276,Animation,Warner Bros,PG-13,69339422,85589598,5.5,7.1,526,107.0,2021,8
Movie_277,Comedy,A24,PG,50570129,68975707,40.1,5.8,2913,117.0,2021,9
Movie_278,Thriller,Paramount,R,19379759,57484713,59.6,6.3,6639,107.0,2010,7
Movie_279,Animation,Disney,PG-13,43304300,31149844,7.3,6.0,549,115.0,1999,9
Movie_280,Sci-Fi,Netflix,PG-13,25081063,13922943,3.0,5.7,323,98.0,2005,11
Movie_281,Horror,Sony,R,45636610,24438090,,6.5,60,70.0,1996,3
Movie_282,Animation,Lionsgate,PG-13,88150559,46451541,30.8,,4076,107.0,1993,5
Movie_283,Horror,Netflix,PG-13,267123105,226985677,28.0,6.1,3697,138.0,2016,10
Movie_284,Drama,Paramount,R,9016992,17619339,23.7,5.8,2316,,2014,8
Movie_285,Romance,Warner Bros,PG-13,514980734,456605919,7.9,6.8,672,129.0,2020,12
Movie_286,Romance,Warner Bros,PG-13,3826628,13025692,14.9,8.2,1285,134.0,2000,1
Movie_287,Thriller,Universal,R,33193276,49131526,27.1,6.6,3538,111.0,2009,8
Movie_288,Action,Disney,R,80678336,61404786,20.6,7.5,1706,113.0,2006,7
Movie_289,Action,Netflix,R,55794744,198150849,132.2,5.1,9373,97.0,2000,1
Movie_290,Thriller,Sony,R,18863899,28067954,4.4,6.7,257,103.0,2019,10
Movie_291,Thriller,Paramount,R,31023430,34056753,35.6,5.4,3441,122.0,2011,12
Movie_292,Sci-Fi,Netflix,R,22040646,30479542,15.5,5.0,1522,134.0,2016,10
Movie_293,Horror,A24,R,19633783,23836042,16.8,5.8,2252,107.0,1993,12
Movie_294,Thriller,Warner Bros,G,110389161,67932302,37.9,7.7,2733,100.0,2005,6
Movie_295,Horror,Netflix,PG-13,61124210,40071029,35.4,7.5,3118,110.0,2005,1
Movie_296,Animation,Paramount,R,17339687,125179550,142.2,6.7,18605,122.0,2010,2
Movie_297,Animation,Sony,PG-13,117214934,64958771,4.1,5.0,542,81.0,2015,5
Movie_298,Drama,Paramount,PG,57584237,70591998,3.3,6.3,291,70.0,2008,2
Movie_299,Horror,Disney,PG-13,105628052,153262953,38.7,6.8,3711,98.0,2006,10
Movie_300,Sci-Fi,Universal,PG-13,84778676,131524397,25.9,6.7,2080,85.0,2015,1
Movie_301,Animation,Paramount,PG-13,14727189,14310446,9.6,4.7,1375,99.0,2011,6
Movie_302,Romance,Lionsgate,R,20333549,21691187,2.5,5.6,154,107.0,2017,8
Movie_303,Romance,Netflix,R,97635559,104932455,2.7,6.4,387,100.0,1990,8
Movie_304,Animation,Universal,R,82841882,100218780,67.4,7.0,7979,139.0,1991,8
Movie_305,Animation,Sony,R,38838325,23600927,6.4,4.3,660,,2006,11
Movie_306,Animation,Universal,PG-13,45845740,73288458,11.7,6.3,623,116.0,2010,6
Movie_307,Horror,Paramount,PG-13,184506984,169747418,7.7,,751,122.0,1998,11
Movie_308,Romance,Paramount,PG-13,19581862,29642862,13.2,7.3,1198,87.0,2002,3
Movie_309,Romance,Lionsgate,PG-13,76784768,37568648,2.2,7.2,145,130.0,2000,1
Movie_310,Comedy,Warner Bros,PG,31244965,25845371,22.0,7.1,2544,108.0,2005,2
Movie_311,Animation,Netflix,PG-13,30669601,19215761,2.1,5.7,308,123.0,2005,5
Movie_312,Drama,Lionsgate,PG-13,148862292,146114990,48.3,4.6,5130,88.0,1991,10
Movie_313,Animation,Paramount,PG-13,107231394,46079997,8.0,6.1,971,78.0,1997,5
Movie_314,Sci-Fi,A24,R,105710159,98449848,23.3,7.5,1324,126.0,2002,10
Movie_315,Sci-Fi,Universal,PG-13,190769140,67241438,63.6,7.9,5836,117.0,2006,1
Movie_316,Romance,Lionsgate,PG,40841309,34069366,31.6,7.2,1947,91.0,2013,1
Movie_317,Animation,Lionsgate,PG-13,90272512,112917947,22.8,6.9,2537,92.0,1992,9
Movie_318,Action,Netflix,PG-13,27444597,37877992,11.8,6.9,1697,132.0,2019,2
Movie_319,Sci-Fi,A24,PG-13,58761628,46658375,12.1,,1405,86.0,2002,7
Movie_320,Animation,A24,PG,34066611,33812576,33.2,,1914,142.0,2008,10
Movie_321,Drama,A24,PG-13,44740744,120861875,154.2,8.2,13178,91.0,1996,4
Movie_322,Thriller,Netflix,R,81343251,76007459,32.5,5.6,3414,122.0,1998,7
Movie_323,Animation,Warner Bros,PG-13,14918836,32455255,24.5,8.1,2212,103.0,2008,8
Movie_324,Drama,Paramount,R,490465123,604688953,39.4,6.2,5254,122.0,2011,5
Movie_325,Romance,Paramount,R,11908692,21503736,18.8,,2471,99.0,2007,12
Movie_326,Romance,Sony,PG,9276303,4512984,1.9,5.1,211,106.0,2012,12
Movie_327,Comedy,Netflix,R,159847860,161735980,,7.1,2166,110.0,1991,1
Movie_328,Horror,Warner Bros,PG-13,102974838,110178518,94.8,5.8,7160,89.0,2000,4
Movie_329,Sci-Fi,Sony,PG-13,84220067,53519144,5.8,5.1,351,124.0,2020,10
Movie_330,Horror,Sony,PG-13,84648217,136141476,35.1,6.7,3000,99.0,2022,3
Movie_331,Animation,Sony,R,39243793,48950693,6.7,7.5,611,105.0,2003,10
Movie_332,Horror,Netflix,PG,13568951,28620579,23.0,5.7,2704,90.0,2005,12
Movie_333,Sci-Fi,Disney,R,43617345,14970784,3.1,5.0,359,70.0,2000,5
Movie_334,Sci-Fi,Sony,R,17670478,26682573,18.0,6.4,1026,106.0,2022,10
Movie_335,Animation,Lionsgate,R,128333599,185938733,42.3,6.4,3786,158.0,1996,10
Movie_336,Romance,Universal,PG-13,33382125,29833920,12.8,7.0,872,125.0,2020,6
Movie_337,Sci-Fi,Lionsgate,R,14789135,40532031,32.8,7.4,2154,109.0,2003,2
Movie_338,Action,Lionsgate,PG-13,27080839,72102122,47.6,6.4,6317,104.0,2017,7
Movie_339,Action,Paramount,PG,65366323,143611897,78.6,8.4,4259,110.0,2005,3
Movie_340,Thriller,Disney,R,20247270,24139951,8.0,6.7,735,120.0,2008,1
Movie_341,Sci-Fi,Netflix,R,14847402,25060417,15.3,6.2,1022,86.0,2006,10
Movie_342,Comedy,Sony,PG-13,53352140,76739679,5.0,4.9,689,132.0,2015,3
Movie_343,Thriller,Paramount,PG-13,53434111,156671727,146.7,6.2,15506,124.0,1995,9
Movie_344,Romance,Warner Bros,G,21674959,63726275,,6.2,5741,124.0,1998,10
Movie_345,Sci-Fi,Warner Bros,PG-13,22629253,30363326,23.3,7.5,2335,118.0,2006,11
Movie_346,Action,Netflix,PG-13,52612270,88454183,55.4,7.0,6822,110.0,2020,11
Movie_347,Comedy,Paramount,PG-13,7006149,19482172,22.1,5.3,3222,123.0,2001,6
Movie_348,Animation,Universal,PG-13,7356122,24333365,29.3,6.7,2110,121.0,2012,11
Movie_349,Thriller,Netflix,R,16816429,23005145,2.8,7.2,388,,1994,6
Movie_350,Comedy,Paramount,PG-13,30825826,30845776,42.2,8.0,6052,98.0,1992,4
Movie_351,Sci-Fi,Paramount,R,57834097,84975432,4.1,7.4,580,112.0,2013,8
Movie_352,Drama,Disney,R,233905433,330306117,52.5,7.3,5960,140.0,2006,5
Movie_353,Comedy,Netflix,PG-13,111461695,101846898,45.7,6.6,5163,85.0,2015,7
Movie_354,Comedy,Warner Bros,G,32870092,58622596,37.0,6.9,3341,80.0,1993,9
Movie_355,Romance,Warner Bros,G,38926295,32014047,1.1,7.7,137,,2001,5
Movie_356,Action,Sony,R,11958642,23076519,10.8,5.2,1113,111.0,1990,11
Movie_357,Animation,Lionsgate,PG-13,38949801,53235965,9.2,,1083,113.0,2010,5
Movie_358,Sci-Fi,Netflix,PG-13,28165535,15946931,13.4,5.7,1244,114.0,2008,4
Movie_359,Comedy,Paramount,PG,58659627,62795139,2.8,6.9,344,105.0,2010,6
Movie_360,Sci-Fi,Netflix,PG-13,14758398,74000823,82.9,7.7,10979,139.0,2007,2
Movie_361,Action,Paramount,PG-13,74269863,77104675,24.2,5.9,1564,77.0,1992,3
Movie_362,Romance,Universal,R,250579475,135831606,10.9,,1452,,2021,1
Movie_363,Sci-Fi,Netflix,PG-13,34952054,63164035,15.2,6.1,1581,107.0,1999,2
Movie_364,Horror,A24,R,64492149,92110047,17.8,7.4,2393,77.0,2004,2
Movie_365,Action,A24,R,91164195,64827098,27.5,7.0,2561,106.0,1994,8
Movie_366,Action,Warner Bros,PG,24606850,21281254,21.8,6.9,1916,143.0,1993,8
Movie_367,Animation,Universal,PG-13,52112269,92766504,75.5,6.2,10683,110.0,2017,2
Movie_368,Thriller,Disney,R,40431141,52765887,20.6,5.2,1547,114.0,1993,6
Movie_369,Romance,Sony,R,44777275,151912125,145.4,7.0,19544,84.0,2004,5
Movie_370,Romance,Universal,PG-13,15750588,60351501,57.2,5.7,5628,97.0,2006,3
Movie_371,Animation,Warner Bros,R,41013515,50687765,7.0,8.7,709,102.0,1992,5
Movie_372,Horror,Disney,G,72391391,138922492,80.0,7.1,6467,103.0,1999,5
Movie_373,Sci-Fi,Paramount,PG-13,227207062,214115191,3.7,5.9,397,135.0,2012,5
Movie_374,Drama,Disney,PG-13,125915926,64674806,51.0,,4208,121.0,2007,3
Movie_375,Horror,Lionsgate,PG-13,527584156,389520347,14.4,6.4,776,87.0,1990,3
Movie_376,Thriller,Netflix,PG,15857972,60702726,63.1,6.3,4871,114.0,2020,4
Movie_377,Romance,Universal,PG-13,113440016,124970108,60.8,7.6,3078,119.0,1990,7
Movie_378,Action,Warner Bros,G,49625253,88832597,49.2,6.7,7273,132.0,1992,12
Movie_379,Romance,Universal,PG-13,551285576,407857921,46.8,5.8,6859,141.0,1992,12
Movie_380,Horror,Paramount,R,15097535,13258979,10.9,8.4,975,89.0,2008,12
Movie_381,Drama,A24,R,14538833,12777754,2.5,6.5,307,93.0,2018,2
Movie_382,Comedy,Paramount,PG-13,19398936,28287225,15.5,7.3,1310,84.0,2014,10
Movie_383,Comedy,Warner Bros,PG-13,3113708,5858318,5.7,5.9,667,105.0,2022,4
Movie_384,Animation,Lionsgate,PG-13,21191145,42048919,35.6,6.9,4647,119.0,2018,4
Movie_385,Romance,Sony,PG,16015071,16817828,12.7,6.8,1837,129.0,2015,1
Movie_386,Romance,Netflix,PG-13,47701459,135273013,111.4,4.6,10028,108.0,1993,10
Movie_387,Thriller,Netflix,PG,60015124,64171379,30.7,8.5,3939,103.0,2003,8
Movie_388,Romance,Disney,R,378378284,556479087,51.9,7.8,3975,113.0,2016,1
Movie_389,Drama,Disney,R,124586225,179283349,4.3,,640,93.0,2022,8
Movie_390,Romance,Paramount,PG-13,19929579,51243578,59.4,5.4,3123,151.0,2011,7
Movie_391,Sci-Fi,Universal,R,13550071,60724236,76.8,6.8,8475,77.0,1992,9
Movie_392,Horror,A24,PG,71865221,12168772,20.0,6.6,2319,113.0,2012,8
Movie_393,Animation,Universal,PG-13,8167881,22376935,28.0,6.9,3326,150.0,2010,5
Movie_394,Drama,Lionsgate,R,358611618,116904042,43.4,6.7,2692,110.0,2012,8
Movie_395,Thriller,Sony,PG-13,163991990,226184782,5.8,,834,106.0,1993,11
Movie_396,Sci-Fi,Netflix,PG,22679890,32490667,20.9,7.9,1423,102.0,2010,10
Movie_397,Sci-Fi,Universal,R,5097386,15956294,15.3,7.1,1717,106.0,2020,12
Movie_398,Horror,Netflix,R,202175532,100000,4.7,5.5,339,137.0,2010,12
Movie_399,Comedy,Disney,R,34710478,20195587,13.7,7.9,1105,70.0,2015,3
Movie_400,Drama,Netflix,R,175891797,204613459,2.1,8.1,219,140.0,2013,10
Movie_401,Horror,A24,R,5877763,5922446,0.8,9.7,73,81.0,2000,7
Movie_402,Sci-Fi,Netflix,PG,19399347,17157203,4.4,5.4,290,104.0,2018,12
Movie_403,Thriller,Universal,PG,40076169,103899622,99.0,6.7,6642,101.0,1992,4
Movie_404,Horror,A24,PG-13,42134469,77614963,23.9,4.4,2194,121.0,1990,5
Movie_405,Comedy,Netflix,PG,23206000,92634995,101.3,7.1,12736,78.0,2008,9
Movie_406,Sci-Fi,Sony,PG-13,84091825,82858833,17.0,6.0,2376,,2011,7
Movie_407,Horror,Disney,PG-13,11060109,16608144,11.2,8.4,654,150.0,2003,4
Movie_408,Drama,Netflix,PG-13,33570041,73363320,21.2,5.7,1893,82.0,2003,6
Movie_409,Comedy,A24,PG-13,46009329,8959473,17.4,4.8,1044,113.0,2005,10
Movie_410,Drama,Universal,R,73833757,81294974,3.4,,175,96.0,2022,11
Movie_411,Drama,Disney,G,93543568,93021249,30.7,4.5,3566,118.0,2002,7
Movie_412,Drama,Paramount,PG-13,10328622,15862485,7.3,7.3,804,110.0,2001,10
Movie_413,Horror,Paramount,R,6318946,21737596,29.0,4.4,1922,97.0,2022,9
Movie_414,Comedy,Lionsgate,R,184509624,164365891,31.5,6.5,2311,119.0,2022,4
Movie_415,Horror,Paramount,PG-13,59338969,67318923,4.9,4.4,256,146.0,2018,10
Movie_416,Horror,Universal,G,16220982,34630569,1.9,6.2,253,106.0,1994,3
Movie_417,Horror,Sony,PG-13,256177819,323910634,45.5,8.1,6709,124.0,1995,8
Movie_418,Sci-Fi,Disney,PG,45754905,32682659,18.5,6.9,1175,84.0,2020,1
Movie_419,Romance,A24,PG,163963864,104540581,1.8,5.6,131,90.0,2005,9
Movie_420,Action,Warner Bros,PG-13,43185794,149112215,158.2,6.5,21648,119.0,2020,1
Movie_421,Sci-Fi,Paramount,PG-13,472192599,40010312,1.8,6.5,256,139.0,2014,2
Movie_422,Comedy,Paramount,PG-13,327306962,242975242,35.6,7.0,3273,117.0,2022,8
Movie_423,Action,Warner Bros,PG-13,29539621,107640694,123.5,5.1,6800,103.0,2002,9
Movie_424,Action,A24,R,127788248,42081842,8.2,7.1,442,109.0,1999,7
Movie_425,Action,A24,R,86395931,108638598,4.6,3.8,494,84.0,2013,3
Movie_426,Romance,Warner Bros,PG-13,205788164,207427845,3.9,5.9,348,122.0,1999,7
Movie_427,Horror,A24,PG-13,12510662,12874231,10.8,6.0,570,127.0,2020,6
Movie_428,Animation,Universal,PG-13,90717582,69730375,3.2,7.1,346,,2002,2
Movie_429,Thriller,A24,PG-13,141825698,225391800,35.3,6.5,1804,100.0,1992,3
Movie_430,Comedy,Disney,PG-13,4825923,6714756,1.9,5.1,244,115.0,2023,11
Movie_431,Animation,A24,PG-13,9627072,21885481,21.4,5.5,1725,101.0,2017,12
Movie_432,Romance,Netflix,PG-13,3446677,106649654,171.4,,9260,108.0,2008,10
Movie_433,Romance,Netflix,PG-13,28823794,60184300,50.5,6.4,5496,151.0,2012,10
Movie_434,Thriller,Paramount,PG,94211301,75585476,28.7,5.9,2576,105.0,2021,12
Movie_435,Action,Sony,PG-13,241608320,100000,11.0,6.0,1621,102.0,2002,5
Movie_436,Horror,Universal,PG-13,43527946,91147080,29.3,7.2,3059,97.0,2022,10
Movie_437,Thriller,Universal,PG-13,281133064,257111248,,6.0,1744,124.0,2023,4
Movie_438,Animation,A24,PG-13,7601667,19679966,16.7,6.4,2019,,2022,2
Movie_439,Animation,Sony,PG-13,5157389,6754450,4.2,8.7,324,97.0,1994,4
Movie_440,Thriller,Sony,PG-13,37256715,69838157,,5.1,9169,136.0,1992,12
Movie_441,Romance,Lionsgate,PG-13,63140852,57896909,17.9,4.6,1565,138.0,1996,8
Movie_442,Comedy,Sony,PG-13,38292564,10750080,6.5,7.3,682,97.0,2013,5
Movie_443,Drama,A24,G,3331954,14118422,13.8,5.8,759,72.0,2011,5
Movie_444,Horror,A24,PG-13,35785593,21919376,16.0,6.2,1481,130.0,2012,12
Movie_445,Animation,Warner Bros,PG-13,8323859,43615110,52.7,5.7,7021,96.0,2019,12
Movie_446,Animation,Paramount,PG-13,88951964,85712802,39.7,6.2,5183,125.0,2007,10
Movie_447,Thriller,Netflix,R,61831153,109696205,44.0,8.1,3187,70.0,2021,3
Movie_448,Horror,Lionsgate,R,12892344,10580697,0.3,7.3,21,127.0,1996,8
Movie_449,Thriller,A24,R,21495618,18857893,16.1,7.4,2120,85.0,2022,6
Movie_450,Action,Warner Bros,G,11172252,30027315,19.7,5.1,2817,124.0,1994,2
Movie_451,Horror,Lionsgate,R,36939244,40722439,0.6,5.3,35,110.0,2017,2
Movie_452,Action,Paramount,PG-13,125293655,133429917,9.0,3.7,855,90.0,1997,9
Movie_453,Animation,Lionsgate,PG-13,12202223,41823197,42.8,5.7,3584,101.0,2004,7
Movie_454,Romance,Warner Bros,G,72918710,131578480,4.4,7.5,603,,1993,10
Movie_455,Action,Disney,R,21076955,49467622,23.0,7.0,1342,112.0,2023,9
Movie_456,Horror,Netflix,PG,15379601,12767117,7.3,6.3,519,121.0,1994,6
Movie_457,Sci-Fi,A24,R,35024681,51070166,0.4,6.5,50,149.0,2022,5
Movie_458,Horror,Netflix,G,11498293,16024946,8.3,5.8,457,78.0,1994,12
Movie_459,Thriller,Paramount,PG-13,20493551,98508139,111.7,6.7,11086,142.0,2023,1
Movie_460,Action,Universal,PG-13,9459655,34552404,48.5,7.3,4569,112.0,2015,12
Movie_461,Comedy,Paramount,PG,420800816,372181265,96.3,4.9,8035,92.0,1990,6
Movie_462,Sci-Fi,Paramount,PG,41546185,33375060,20.1,6.8,1798,83.0,1993,6
Movie_463,Romance,Paramount,PG-13,17198442,21925282,,7.4,360,106.0,2015,3
Movie_464,Drama,Disney,PG,51483704,78292239,23.8,6.1,1574,128.0,2022,3
Movie_465,Thriller,A24,PG-13,34802728,11965068,18.2,7.2,1951,107.0,2022,3
Movie_466,Thriller,Warner Bros,PG-13,30548815,66637796,55.8,9.3,7284,140.0,1997,3
Movie_467,Comedy,A24,R,83220148,106250710,3.1,,390,80.0,2009,7
Movie_468,Drama,Universal,PG-13,98839635,84369195,20.1,6.9,1314,109.0,2005,10
Movie_469,Animation,Warner Bros,PG,21070797,26087418,4.9,5.8,318,84.0,2010,11
Movie_470,Drama,Lionsgate,PG-13,19955555,26479524,11.8,6.7,906,117.0,2015,2
Movie_471,Romance,Lionsgate,PG-13,28629206,53769949,40.1,7.0,3452,127.0,2012,10
Movie_472,Romance,Lionsgate,R,2514776,14962902,19.4,6.7,1762,101.0,2007,10
Movie_473,Sci-Fi,Warner Bros,R,6464076,12401632,14.1,5.5,1663,70.0,2020,2
Movie_474,Animation,Sony,PG-13,205354666,81329153,15.0,6.7,835,113.0,2001,3
Movie_475,Thriller,Disney,PG,286704107,321940997,18.5,8.0,989,118.0,1990,10
Movie_476,Action,Sony,R,29537073,55131554,46.1,6.9,4111,118.0,1998,12
Movie_477,Romance,A24,R,79547776,108624884,66.8,7.5,7997,134.0,1992,7
Movie_478,Comedy,Lionsgate,R,57857878,96064151,93.3,6.3,6469,,2015,3
Movie_479,Comedy,Disney,R,1602221547,1119977179,46.4,7.2,5296,123.0,1998,7
Movie_480,Comedy,Warner Bros,PG-13,152624298,193445109,11.4,6.8,866,133.0,2005,9
Movie_481,Horror,Lionsgate,PG,34157710,49947699,35.0,5.5,4851,74.0,2013,11
Movie_482,Animation,Warner Bros,PG-13,12652323,16812824,17.3,6.8,2414,116.0,2003,10
Movie_483,Animation,Disney,PG-13,5793599,12160247,8.8,5.5,701,99.0,1992,12
Movie_484,Romance,Warner Bros,PG-13,50838086,72098253,55.1,5.9,4022,108.0,2023,11
Movie_485,Romance,Warner Bros,PG-13,16068623,13874693,1.2,6.7,109,116.0,2022,4
Movie_486,Comedy,Universal,PG-13,7226717,55536378,69.6,6.8,5154,100.0,2013,7
Movie_487,Animation,A24,PG-13,18331153,28174162,18.6,5.3,2180,96.0,1998,9
Movie_488,Animation,Sony,PG-13,10876797,33221594,30.4,7.6,4031,110.0,2002,8
Movie_489,Romance,Netflix,PG,301587263,122778486,32.3,7.1,3789,88.0,1991,8
Movie_490,Horror,Sony,PG-13,114715729,133396766,67.6,5.8,8952,88.0,1996,9
Movie_491,Action,Sony,R,39445590,61825717,30.4,5.0,2726,123.0,2010,5
Movie_492,Action,Paramount,R,235196752,59883861,28.6,6.4,1877,87.0,2008,5
Movie_493,Sci-Fi,Universal,PG-13,43699270,40038129,2.1,6.1,259,,2014,3
Movie_494,Animation,Netflix,PG-13,14167468,26623156,21.9,6.6,1884,119.0,2011,5
Movie_495,Thriller,Lionsgate,G,247704953,205850805,4.9,6.1,573,75.0,2000,8
Movie_496,Action,Lionsgate,PG-13,76034067,118601017,40.1,4.5,3090,96.0,2022,12
Movie_497,Sci-Fi,Lionsgate,PG-13,11470678,23959037,21.5,,1249,133.0,2021,5
Movie_498,Drama,Sony,PG-13,31692594,71399648,34.2,6.2,5104,90.0,2010,4
Movie_499,Thriller,A24,R,13925859,6426052,1.3,7.1,85,100.0,2009,8
Movie_500,Animation,Sony,PG-13,7577094,8625640,2.7,5.8,401,119.0,1997,7
Movie_501,Action,Netflix,G,121013547,130967487,37.8,8.2,5584,125.0,1998,6
Movie_502,Horror,A24,PG,393778831,148271150,2.2,4.6,284,104.0,2014,5
Movie_503,Drama,Universal,PG-13,7435072,10402106,2.2,7.8,255,98.0,2014,5
Movie_504,Sci-Fi,A24,PG-13,78261245,135667726,0.4,6.3,43,138.0,2022,10
Movie_505,Action,Netflix,R,18241849,87229390,94.1,7.4,12855,144.0,1991,2
Movie_506,Animation,Warner Bros,PG-13,22196596,48621176,40.1,6.6,3165,129.0,2008,4
Movie_507,Action,Sony,PG-13,19562544,25395393,13.1,7.6,1267,111.0,2009,8
Movie_508,Romance,Lionsgate,PG-13,14121529,14938460,10.6,6.1,1186,93.0,2018,8
Movie_509,Drama,Warner Bros,PG-13,42212458,11826459,12.9,5.4,1175,93.0,1995,11
Movie_510,Action,Sony,PG-13,14692678,38246261,44.7,7.9,4145,120.0,2006,1
Movie_511,Comedy,Disney,PG-13,55093824,35045735,32.5,6.4,2698,118.0,2014,2
Movie_512,Horror,Paramount,PG-13,37494854,59901906,6.1,6.7,649,138.0,1993,5
Movie_513,Romance,Sony,PG-13,29896810,26928882,5.7,7.7,769,123.0,2019,9
Movie_514,Romance,Disney,R,13402121,10851275,3.1,5.5,217,79.0,2009,10
Movie_515,Action,Netflix,PG-13,19932744,48529505,32.4,7.1,4647,131.0,1992,11
Movie_516,Horror,Universal,PG,98588923,66654245,43.4,5.9,5160,90.0,2012,12
Movie_517,Romance,Disney,PG,72645399,42866661,9.2,6.4,1217,102.0,2007,11
Movie_518,Thriller,Universal,G,12322454,10619490,0.6,6.6,63,115.0,2015,7
Movie_519,Drama,Sony,PG-13,44866356,56319931,2.6,5.0,332,149.0,1997,10
Movie_520,Thriller,Universal,PG,98116347,160376479,103.1,5.7,5322,172.0,2006,5
Movie_521,Sci-Fi,Disney,G,5372015,12849214,10.5,7.9,1384,122.0,2020,1
Movie_522,Thriller,A24,PG-13,76441188,90293515,44.0,7.4,2376,106.0,2022,6
Movie_523,Horror,Paramount,PG-13,17981454,40135892,29.4,6.4,4086,120.0,2016,12
Movie_524,Comedy,Warner Bros,PG,78981041,81051535,14.4,6.7,2148,127.0,1993,8
Movie_525,Romance,Warner Bros,PG-13,15935964,10727330,6.9,6.2,547,103.0,2011,7
Movie_526,Horror,Paramount,R,4565969,6240933,3.9,7.9,277,145.0,2015,2
Movie_527,Romance,Lionsgate,R,5648773,23629008,28.6,6.3,3618,114.0,2021,12
Movie_528,Animation,Warner Bros,PG-13,42190343,64202634,44.7,6.7,3366,119.0,2013,5
Movie_529,Comedy,Netflix,PG,54388701,57020233,31.0,7.6,4233,123.0,2021,11
Movie_530,Romance,Sony,R,13454444,38515942,22.7,5.7,1368,118.0,1996,4
Movie_531,Thriller,Lionsgate,PG-13,85695506,68000897,1.3,8.1,81,126.0,2022,9
Movie_532,Animation,Sony,PG,5423087,83818344,103.7,5.0,15338,97.0,2020,10
Movie_533,Animation,Disney,R,36788808,62798514,48.1,8.1,5646,98.0,2001,1
Movie_534,Sci-Fi,Netflix,PG-13,9311684,17383789,10.4,6.1,1400,87.0,2000,12
Movie_535,Animation,Disney,R,18215741,104753218,117.3,6.3,9669,,2013,6
Movie_536,Animation,Lionsgate,R,42155613,44078999,27.6,4.6,3247,125.0,1997,3
Movie_537,Action,Lionsgate,PG-13,14182281,21200849,26.2,6.0,2866,119.0,2021,11
Movie_538,Comedy,Netflix,R,25103889,58119425,41.4,5.5,4567,143.0,2011,9
Movie_539,Thriller,Netflix,PG-13,133225184,69905940,50.1,5.9,5924,109.0,2023,5
Movie_540,Horror,Lionsgate,PG-13,19929861,35418881,32.1,6.4,3451,123.0,2008,6
Movie_541,Thriller,Lionsgate,R,108561841,78472371,4.1,7.5,380,88.0,2009,11
Movie_542,Thriller,Universal,PG-13,10266038,16050886,12.4,6.7,962,,2003,9
Movie_543,Action,A24,R,75207762,140440416,79.0,6.8,10021,123.0,2022,9
Movie_544,Drama,Lionsgate,R,224611397,123170297,7.6,5.4,551,126.0,1999,8
Movie_545,Romance,Netflix,R,2051386,11754499,14.0,5.6,1669,104.0,2005,9
Movie_546,Romance,A24,R,15305544,23149068,17.0,8.3,1246,108.0,1993,4
Movie_547,Horror,Lionsgate,PG-13,79596967,81056591,17.4,,1958,79.0,2016,6
Movie_548,Animation,Disney,PG,31213009,47549799,28.5,8.2,3554,102.0,2017,5
Movie_549,Sci-Fi,Sony,R,62169497,115938101,86.0,6.3,6180,127.0,2005,5
Movie_550,Horror,A24,PG-13,19292322,27023707,8.3,6.5,464,121.0,2022,4
Movie_551,Drama,Disney,PG-13,44185522,44729914,3.9,7.6,246,120.0,2008,2
Movie_552,Romance,Warner Bros,PG,33038606,37183218,6.6,7.8,729,110.0,2010,12
Movie_553,Sci-Fi,Netflix,R,161713769,77374106,65.4,6.4,8825,110.0,2011,6
Movie_554,Horror,Universal,R,54043779,63258821,,6.1,1694,96.0,1998,9
Movie_555,Sci-Fi,Universal,PG-13,59716755,66769257,10.1,6.4,1246,123.0,1998,12
Movie_556,Thriller,Sony,PG-13,24294186,60464961,50.8,6.8,4273,118.0,1998,1
Movie_557,Comedy,Lionsgate,PG-13,22183792,52857447,59.3,7.4,5802,119.0,2016,7
Movie_558,Thriller,Disney,PG-13,23698686,56871602,56.2,6.5,8030,,2006,6
Movie_559,Action,Warner Bros,PG-13,63932766,86710675,75.4,7.1,6273,70.0,1997,3
Movie_560,Animation,Disney,PG-13,24030120,30408132,8.7,8.1,839,131.0,2005,1
Movie_561,Romance,Netflix,PG-13,56385908,93861255,42.2,6.9,2167,100.0,2007,4
Movie_562,Sci-Fi,Netflix,PG-13,480568799,317529993,18.5,6.8,1075,92.0,2022,9
Movie_563,Horror,Lionsgate,PG-13,113277332,167866484,55.4,5.0,4202,123.0,1990,2
Movie_564,Animation,Lionsgate,PG-13,26930546,46550588,39.1,3.9,2063,102.0,2001,3
Movie_565,Comedy,Netflix,R,168333334,158906091,44.9,,5079,,1995,2
Movie_566,Horror,Paramount,PG,24405267,39388658,32.0,6.4,2964,122.0,1994,2
Movie_567,Romance,Netflix,PG-13,3451262,7977710,5.9,6.0,618,123.0,2005,10
Movie_568,Sci-Fi,Disney,PG-13,11879163,26034367,23.6,6.7,1592,82.0,2007,11
Movie_569,Sci-Fi,Sony,G,4218751,89811457,125.3,6.4,9973,134.0,2007,11
Movie_570,Thriller,Disney,PG-13,26119267,72883620,83.1,,9671,,1990,8
Movie_571,Comedy,Universal,PG-13,40714793,42039595,1.3,6.6,190,102.0,2008,3
Movie_572,Comedy,Warner Bros,PG-13,297738092,178459154,,5.8,297,112.0,1997,7
Movie_573,Romance,A24,PG-13,58956641,29931216,4.2,7.5,583,74.0,1992,8
Movie_574,Sci-Fi,Sony,R,30617410,52116838,38.8,6.3,4178,118.0,2014,3
Movie_575,Animation,Paramount,PG-13,107745949,128538428,51.1,7.0,5436,89.0,1994,2
Movie_576,Comedy,Warner Bros,PG,2804224,10556664,7.2,6.0,720,82.0,2008,8
Movie_577,Comedy,Warner Bros,R,52837803,51330298,21.1,5.9,1201,79.0,2007,3
Movie_578,Horror,A24,PG,100436699,68994790,55.1,6.6,3250,132.0,2020,7
Movie_579,Romance,Universal,R,6754344,34659078,39.6,,4359,97.0,2022,12
Movie_580,Thriller,Universal,R,157117556,10943095,23.4,7.0,1967,140.0,2007,1
Movie_581,Horror,Universal,PG-13,59780835,66621766,26.8,6.2,3798,99.0,2005,12
Movie_582,Horror,Sony,R,24194950,34023052,21.3,4.7,1931,75.0,2005,6
Movie_583,Drama,Disney,R,85100054,101790257,10.6,6.1,681,87.0,1996,12
Movie_584,Action,Warner Bros,R,607480983,741139586,25.0,,3036,,2003,12
Movie_585,Drama,Disney,PG-13,49537449,52703737,35.0,6.2,2776,106.0,2014,9
Movie_586,Comedy,Disney,PG,53643169,83396769,62.0,6.3,6357,99.0,2021,12
Movie_587,Sci-Fi,Universal,R,22948586,33734312,30.3,7.5,3629,113.0,2011,3
Movie_588,Action,Disney,PG,14363297,38551558,43.0,5.8,6021,120.0,2005,7
Movie_589,Action,Warner Bros,PG,107866291,103605912,5.2,5.0,671,132.0,2018,6
Movie_590,Sci-Fi,Warner Bros,PG-13,14256156,17818351,,6.3,2188,,2005,8
Movie_591,Action,Lionsgate,PG-13,43396071,27739585,0.3,6.0,35,102.0,2001,3
Movie_592,Sci-Fi,Paramount,PG-13,22450222,15731427,8.5,5.5,1229,83.0,2006,3
Movie_593,Action,Sony,R,70757973,97804165,38.9,6.3,3095,101.0,2016,4
Movie_594,Horror,Disney,R,59435041,176867261,144.1,7.0,7221,115.0,2014,3
Movie_595,Animation,Sony,PG,138315509,40668485,3.1,6.5,239,90.0,2002,9
Movie_596,Romance,Sony,R,21595171,11179636,15.4,6.8,1105,90.0,1997,11
Movie_597,Romance,Sony,R,28807608,56979009,48.3,8.3,5611,116.0,1994,4
Movie_598,Drama,A24,PG,12304597,14860939,6.8,6.2,770,109.0,2001,6
Movie_599,Horror,Netflix,PG-13,23367298,38201629,24.3,6.8,2657,110.0,1992,8
Movie_600,Action,Lionsgate,R,62630353,62810997,39.6,6.0,2044,94.0,2022,11
Movie_601,Thriller,Sony,PG-13,98778086,92496962,28.7,5.7,3526,105.0,2011,8
Movie_602,Sci-Fi,Netflix,R,13169335,16591415,6.2,5.9,510,91.0,1998,5
Movie_603,Horror,Netflix,R,113071068,147187907,13.2,6.0,1537,127.0,2007,5
Movie_604,Action,Lionsgate,PG-13,202604311,36290925,45.9,6.9,4849,130.0,2018,6
Movie_605,Romance,Warner Bros,G,65405825,58850344,24.2,8.8,2039,73.0,2016,10
Movie_606,Romance,A24,PG-13,378662163,335438250,0.2,5.8,12,91.0,2006,7
Movie_607,Sci-Fi,Disney,G,15735863,33360631,42.9,6.1,2550,80.0,2023,10
Movie_608,Thriller,Lionsgate,PG-13,8943292,14189575,1.1,6.4,146,96.0,1992,7
Movie_609,Action,Paramount,R,4711588,34779754,41.1,6.9,5829,108.0,1994,4
Movie_610,Action,Netflix,PG-13,239784982,192829439,6.8,6.8,781,81.0,2003,6
Movie_611,Thriller,Sony,R,87332985,148378015,95.2,7.8,5744,91.0,1992,7
Movie_612,Thriller,Netflix,PG-13,37255062,30380709,13.8,4.1,1244,89.0,2012,5
Movie_613,Thriller,A24,R,55726276,12293965,11.9,4.1,1462,114.0,2019,5
Movie_614,Romance,Paramount,PG-13,10318130,10113338,4.8,6.0,614,111.0,2012,2
Movie_615,Sci-Fi,Warner Bros,R,749489132,915009109,10.9,7.6,673,95.0,2016,7
Movie_616,Horror,Warner Bros,R,46504768,68616922,62.8,4.9,3140,113.0,1999,12
Movie_617,Animation,Universal,PG,45411400,145904013,,3.5,20400,99.0,2014,6
Movie_618,Thriller,Sony,R,95145699,120610050,13.8,7.1,1182,104.0,2002,11
Movie_619,Sci-Fi,Universal,PG-13,70930499,59009587,17.9,6.7,1350,143.0,2005,1
Movie_620,Drama,A24,PG,52099235,54185792,38.4,5.4,1969,136.0,2023,4
Movie_621,Action,Paramount,PG-13,15423928,59425222,65.2,5.5,6782,84.0,2011,3
Movie_622,Action,Netflix,R,70123044,98513375,27.0,5.5,3648,126.0,2006,12
Movie_623,Animation,Disney,PG-13,381045517,679644919,14.9,6.6,2171,126.0,2012,3
Movie_624,Animation,Universal,PG-13,200135271,237741865,16.0,5.9,1705,87.0,1998,7
Movie_625,Comedy,Warner Bros,R,269431287,365635899,35.7,7.0,3621,126.0,1991,11
Movie_626,Drama,Sony,R,21564115,12947006,0.1,3.6,5,140.0,2021,12
Movie_627,Horror,Netflix,PG-13,12145559,25314550,29.0,5.6,3041,87.0,2011,10
Movie_628,Animation,Paramount,PG,34245156,37171943,13.2,5.4,1161,91.0,2002,4
Movie_629,Thriller,Lionsgate,PG-13,42578921,70082408,47.4,6.2,5247,130.0,1997,12
Movie_630,Thriller,A24,R,148045441,56532795,2.9,6.0,257,115.0,1990,8
Movie_631,Horror,A24,R,5225402,21051927,26.6,7.3,1969,121.0,2006,11
Movie_632,Romance,Warner Bros,PG-13,249622512,251763474,19.7,4.6,1172,,2001,9
Movie_633,Drama,Lionsgate,PG-13,32946332,51524521,30.8,6.5,2509,117.0,1993,3
Movie_634,Thriller,A24,PG,23860685,25139609,2.0,7.1,119,83.0,2002,5
Movie_635,Animation,Disney,R,11822023,27351535,26.0,8.4,1759,130.0,2020,4
Movie_636,Comedy,Netflix,G,5466625,22960649,24.7,6.0,3673,133.0,1996,12
Movie_637,Sci-Fi,Sony,G,106942803,80583053,24.7,6.8,2331,105.0,2012,10
Movie_638,Action,Netflix,G,43487389,33570204,27.8,4.7,2868,109.0,2013,6
Movie_639,Drama,Disney,PG-13,8470049,39084892,,4.1,4656,79.0,1994,11
Movie_640,Action,A24,PG-13,8418190,45935843,49.0,,7328,120.0,1994,10
Movie_641,Sci-Fi,Disney,PG-13,26616938,25633590,9.4,6.5,1017,121.0,2006,4
Movie_642,Drama,Netflix,R,295100292,166323507,52.3,7.7,6864,108.0,2019,8
Movie_643,Animation,A24,PG,29165305,71351987,20.7,5.1,1711,132.0,1998,3
Movie_644,Sci-Fi,Sony,PG-13,6558211,4016924,2.4,7.0,193,103.0,1995,11
Movie_645,Thriller,Sony,R,29654021,19860390,1.8,8.4,162,121.0,2014,5
Movie_646,Horror,Lionsgate,PG-13,28709301,36702794,12.2,,1430,89.0,2008,1
Movie_647,Thriller,Disney,PG-13,1565531,35576285,46.1,6.8,5449,109.0,2005,6
Movie_648,Animation,Paramount,PG,37312769,68613454,36.9,6.5,3008,106.0,2010,11
Movie_649,Horror,Lionsgate,R,30185691,75174117,46.6,4.9,2950,114.0,1991,5
Movie_650,Thriller,Sony,PG-13,91829819,107892001,21.8,7.9,2468,102.0,1999,8
Movie_651,Sci-Fi,Warner Bros,R,366220919,149166507,17.4,5.9,1093,107.0,2005,9
Movie_652,Sci-Fi,A24,PG-13,153909917,110743372,4.8,7.0,517,,2004,8
Movie_653,Sci-Fi,Lionsgate,PG-13,28841721,35414742,11.9,,1420,101.0,2002,8
Movie_654,Action,Universal,R,10555619,29833057,17.1,5.3,2053,,2002,12
Movie_655,Animation,Paramount,R,873511422,212509517,2.8,7.9,350,144.0,2021,3
Movie_656,Sci-Fi,A24,PG,42757796,60582045,7.5,6.2,1029,137.0,1997,4
Movie_657,Thriller,Lionsgate,R,40496056,54489173,27.4,8.0,2739,84.0,2007,11
Movie_658,Comedy,Sony,PG-13,38688381,73682427,39.9,6.4,4908,123.0,2015,4
Movie_659,Animation,Netflix,PG-13,50511001,177468058,192.2,4.7,21510,99.0,1999,11
Movie_660,Sci-Fi,Sony,PG-13,33490336,67192928,81.1,7.4,5568,115.0,2020,5
Movie_661,Comedy,Paramount,PG-13,20007256,40712966,30.9,5.9,1624,115.0,2022,9
Movie_662,Horror,Universal,PG-13,20661224,32709517,16.4,7.2,1286,105.0,2018,12
Movie_663,Thriller,Lionsgate,PG-13,38289875,66383875,,6.5,2857,94.0,1994,9
Movie_664,Sci-Fi,Netflix,G,20746544,49908825,46.2,5.0,5161,96.0,2002,10
Movie_665,Action,Lionsgate,PG,16929785,12405884,3.8,6.7,512,91.0,1990,12
Movie_666,Action,Disney,R,45250137,18085979,15.8,8.7,1100,93.0,2012,1
Movie_667,Horror,Warner Bros,R,29327240,67391774,54.9,7.0,3434,108.0,1992,8
Movie_668,Comedy,Sony,R,242083093,246207065,14.5,6.4,2122,95.0,1992,1
Movie_669,Romance,Lionsgate,PG-13,1654213,16534326,25.5,7.6,1550,123.0,1996,2
Movie_670,Action,Lionsgate,PG-13,147569265,104768643,26.6,6.7,2602,139.0,2004,7
Movie_671,Animation,A24,R,177645798,113323541,6.1,6.7,662,98.0,1992,8
Movie_672,Action,A24,R,3308256,10244167,13.5,5.4,1405,114.0,2018,1
Movie_673,Action,Lionsgate,PG-13,26397368,20012029,12.2,6.7,714,119.0,2019,3
Movie_674,Thriller,Universal,R,25502089,9323654,0.8,7.5,44,119.0,2007,7
Movie_675,Action,Warner Bros,R,7355699,5104930,0.7,5.7,42,111.0,2000,9
Movie_676,Drama,Lionsgate,R,15659995,46264796,53.5,7.9,5807,124.0,1990,8
Movie_677,Sci-Fi,Paramount,PG,10504444,8371242,9.6,6.4,1002,119.0,2018,8
Movie_678,Horror,Sony,G,326103225,538873858,21.9,,1606,85.0,1999,9
Movie_679,Action,Disney,PG-13,122401119,166957850,10.6,7.5,1206,127.0,2017,10
Movie_680,Romance,A24,PG-13,183159169,154163515,84.7,6.2,11180,127.0,2020,3
Movie_681,Animation,Paramount,PG,94679349,91534551,9.0,7.3,487,94.0,2008,8
Movie_682,Romance,Sony,PG-13,10274111,21686921,16.8,6.2,1676,110.0,1992,1
Movie_683,Action,Netflix,R,21222567,72687213,61.8,6.4,7349,123.0,2004,8
Movie_684,Action,A24,PG-13,71646113,69826943,55.3,7.0,4160,105.0,2022,7
Movie_685,Drama,Universal,PG-13,9188347,15464540,6.2,6.8,500,,2015,8
Movie_686,Action,A24,PG-13,93699003,89619930,48.7,4.5,5423,157.0,2005,1
Movie_687,Action,Warner Bros,PG-13,29847436,22273121,18.4,5.4,2572,94.0,2022,6
Movie_688,Sci-Fi,Warner Bros,R,25398864,42761989,19.8,7.4,2593,82.0,2009,7
Movie_689,Romance,Sony,PG,93470081,126114982,4.3,6.4,465,116.0,2002,11
Movie_690,Drama,Paramount,R,67870767,126417960,2.5,6.0,307,,2022,5
Movie_691,Romance,Disney,PG-13,25824665,34578730,39.1,5.1,3381,105.0,1994,5
Movie_692,Drama,Universal,PG,160081843,187819214,20.6,5.4,2350,,2003,7
Movie_693,Romance,Sony,R,10883125,18844532,17.2,4.5,1661,83.0,2016,11
Movie_694,Action,Netflix,PG-13,83396986,117857490,,6.4,2704,123.0,2012,3
Movie_695,Romance,Universal,PG-13,81142831,49390390,43.5,5.9,5227,97.0,2003,6
Movie_696,Romance,Warner Bros,PG-13,27468330,11798193,5.2,5.5,549,144.0,1993,7
Movie_697,Drama,Lionsgate,PG-13,58900469,47848618,28.3,6.4,2429,149.0,2008,1
Movie_698,Horror,Lionsgate,PG-13,8874244,10819693,,6.9,620,94.0,1993,12
Movie_699,Comedy,Disney,R,120701658,90863497,41.8,8.6,2177,99.0,2019,2
Movie_700,Drama,Universal,PG,31900027,55215562,32.1,5.0,2618,127.0,2008,12
Movie_701,Drama,Sony,R,21268387,83280866,94.1,7.7,5240,102.0,2020,4
Movie_702,Drama,Disney,PG-13,140232325,147397921,2.1,7.5,265,109.0,2020,8
Movie_703,Thriller,A24,PG,17103395,26089421,1.8,5.7,216,110.0,1998,11
Movie_704,Horror,A24,PG,7347321,13695941,9.9,6.7,823,71.0,2002,10
Movie_705,Thriller,Netflix,PG-13,6150506,8614592,9.1,6.0,1069,109.0,2003,6
Movie_706,Thriller,Paramount,PG-13,82409554,116641743,8.5,6.7,761,96.0,1999,1
Movie_707,Drama,Lionsgate,PG,8567484,58118120,71.0,8.0,8919,100.0,2020,10
Movie_708,Comedy,Sony,PG,327092321,386730216,8.6,7.1,820,138.0,2012,5
Movie_709,Drama,Universal,R,3274529,11162918,9.5,7.0,866,84.0,2016,7
Movie_710,Action,Disney,G,304977219,333295550,42.7,,6126,126.0,1995,6
Movie_711,Comedy,Sony,R,51301008,21977024,17.9,5.0,1344,104.0,2015,12
Movie_712,Thriller,Disney,PG-13,35461007,43428514,45.0,6.3,2792,104.0,1991,9
Movie_713,Animation,Disney,PG-13,20709375,28956784,2.0,7.7,216,,2002,8
Movie_714,Romance,Disney,PG-13,64293129,63041132,20.1,5.0,2953,116.0,2008,4
Movie_715,Romance,Universal,G,38066239,32338617,1.0,5.4,87,121.0,1990,11
Movie_716,Horror,Sony,R,149672818,166330409,1.9,,106,129.0,2021,12
Movie_717,Animation,Warner Bros,PG,45675526,96746385,71.1,5.5,5967,103.0,2011,5
Movie_718,Sci-Fi,Warner Bros,PG-13,47696191,46630028,4.5,5.7,452,97.0,2018,7
Movie_719,Horror,Universal,PG-13,25742795,32863553,22.8,6.1,1509,88.0,1991,8
Movie_720,Comedy,A24,PG,37194269,36735625,15.9,5.1,1841,93.0,2000,5
Movie_721,Thriller,Universal,PG-13,57618953,76101655,12.8,5.5,1917,168.0,2006,9
Movie_722,Comedy,Lionsgate,R,5115562,52859177,69.0,7.2,6567,134.0,1997,10
Movie_723,Comedy,Disney,PG-13,7898453,5973853,0.7,5.2,59,82.0,2011,12
Movie_724,Romance,Sony,R,97164590,142028871,32.7,4.9,2945,83.0,1993,4
Movie_725,Drama,Sony,R,48887804,98390965,99.2,5.9,6102,119.0,2000,4
Movie_726,Action,Paramount,PG-13,31935218,33772967,24.6,7.2,3402,120.0,1997,8
Movie_727,Sci-Fi,Paramount,PG-13,40715553,76827677,82.9,6.3,7583,120.0,1998,1
Movie_728,Thriller,Netflix,PG-13,60436153,25770390,1.6,,141,104.0,2015,8
Movie_729,Comedy,Warner Bros,PG-13,20837991,26329801,16.3,6.5,1890,107.0,1991,5
Movie_730,Sci-Fi,Paramount,PG-13,15650827,26438183,9.0,4.8,847,116.0,2005,11
Movie_731,Comedy,Paramount,R,50375439,52825541,39.4,7.0,4524,111.0,2020,1
Movie_732,Animation,Warner Bros,PG-13,12310371,83882379,119.4,6.9,6703,70.0,1995,4
Movie_733,Romance,Lionsgate,PG-13,65000356,41714268,8.9,6.1,1169,105.0,2010,2
Movie_734,Action,A24,PG-13,5162335,28732347,31.9,7.5,4595,92.0,2015,4
Movie_735,Romance,Warner Bros,PG-13,136930870,31652193,6.6,5.4,758,113.0,2008,8
Movie_736,Sci-Fi,A24,R,70218121,69752184,25.0,7.6,3636,169.0,2017,5
Movie_737,Thriller,Netflix,PG-13,54148221,50909056,18.7,6.7,1218,117.0,1997,1
Movie_738,Comedy,Paramount,G,129504887,206215881,107.3,6.2,10487,103.0,2003,7
Movie_739,Action,Sony,PG,293846868,281563653,28.1,6.5,3096,128.0,2013,1
Movie_740,Animation,Paramount,R,134522775,52373806,12.9,6.4,1395,119.0,2015,9
Movie_741,Romance,Disney,PG-13,4372961,7842831,3.6,7.7,324,118.0,2020,3
Movie_742,Animation,Netflix,R,8576252,10852446,4.9,5.4,410,122.0,2021,12
Movie_743,Sci-Fi,A24,PG,18815992,21359981,7.7,5.7,482,151.0,1991,3
Movie_744,Romance,A24,PG-13,41091393,38622188,8.7,7.5,775,87.0,2014,6
Movie_745,Comedy,Disney,PG,74119619,79999301,57.0,5.9,3777,119.0,1991,10
Movie_746,Comedy,Disney,PG-13,16669769,33234101,24.7,,3048,91.0,1990,6
Movie_747,Animation,Lionsgate,PG-13,49829618,63589050,22.2,8.2,1573,121.0,2001,11
Movie_748,Thriller,Universal,PG,16087296,3890705,3.7,6.1,206,91.0,1998,11
Movie_749,Action,Disney,PG-13,19118722,53090810,59.0,7.2,6208,101.0,2017,6
Movie_750,Drama,A24,PG-13,7363211,32821677,38.5,5.3,4216,104.0,2022,1
Movie_751,Romance,Sony,PG-13,13152469,13495685,2.1,7.3,288,129.0,2011,5
Movie_752,Comedy,A24,PG-13,7865356,36444611,36.9,6.7,3974,128.0,2014,12
Movie_753,Sci-Fi,A24,R,12347350,21788298,23.5,7.0,1986,85.0,2007,6
Movie_754,Romance,Lionsgate,PG,141014059,86699398,2.6,5.9,338,111.0,1995,8
Movie_755,Thriller,Universal,PG-13,12745914,20611644,18.4,4.8,1914,95.0,2007,1
Movie_756,Thriller,Universal,PG-13,937622972,461740105,19.9,7.0,1152,84.0,2005,5
Movie_757,Comedy,Disney,R,71985947,51441738,5.4,4.4,575,105.0,2004,3
Movie_758,Comedy,Netflix,R,49714308,123411405,87.4,6.2,12306,103.0,1997,2
Movie_759,Animation,Paramount,PG-13,14217308,44030764,56.9,7.4,5100,158.0,2002,11
Movie_760,Comedy,A24,PG-13,92283125,111504519,33.2,6.7,2643,118.0,1996,8
Movie_761,Animation,Warner Bros,R,19959875,14071997,18.6,8.4,1196,82.0,2006,7
Movie_762,Horror,Paramount,R,46104069,36551268,15.9,7.5,1035,98.0,2021,10
Movie_763,Drama,Paramount,PG-13,859706359,596153468,31.6,5.8,2947,130.0,2011,7
Movie_764,Comedy,Universal,R,35488814,69208564,23.7,,2596,151.0,2002,5
Movie_765,Romance,Universal,PG-13,158161621,110314025,1.9,6.5,110,78.0,2012,12
Movie_766,Romance,Lionsgate,R,17127369,15639291,21.6,4.9,3109,72.0,2018,9
Movie_767,Animation,Lionsgate,PG-13,38187309,37040971,49.3,5.6,6187,147.0,2011,5
Movie_768,Horror,Universal,PG-13,333435753,284485274,18.4,5.9,1999,117.0,1990,2
Movie_769,Horror,Sony,PG,18767543,20845622,1.6,4.5,212,92.0,2018,3
Movie_770,Action,Sony,R,350523486,361583227,46.3,6.5,2686,120.0,1994,4
Movie_771,Sci-Fi,Warner Bros,R,93110947,85387802,6.7,6.3,654,70.0,1999,5
Movie_772,Comedy,Universal,PG-13,20277853,32183534,9.0,4.8,1017,110.0,2008,3
Movie_773,Animation,Disney,PG-13,85061857,53824033,5.4,6.9,717,116.0,1996,12
Movie_774,Romance,Lionsgate,PG,127939152,157228960,,7.2,1540,128.0,2002,7
Movie_775,Horror,Universal,PG-13,83986947,40150378,42.4,6.7,3294,89.0,1999,5
Movie_776,Romance,Sony,PG-13,6050977,19988454,22.0,6.2,3169,111.0,1991,5
Movie_777,Romance,Universal,PG-13,16641920,5594480,6.9,7.1,430,91.0,1995,6
Movie_778,Horror,Sony,R,29590905,69323555,63.1,7.2,8677,115.0,1997,7
Movie_779,Drama,Universal,G,36421866,78893524,63.5,6.8,9340,92.0,2014,10
Movie_780,Horror,A24,G,83872346,109875860,61.3,5.7,4150,101.0,1996,10
Movie_781,Horror,Disney,PG-13,49290464,46756474,,6.8,1002,90.0,2012,8
Movie_782,Sci-Fi,Netflix,PG-13,8021105,14384882,18.0,7.7,972,123.0,2008,9
Movie_783,Animation,Warner Bros,R,62848487,131312249,126.0,5.9,11408,127.0,2011,11
Movie_784,Animation,A24,PG-13,82863306,47881292,44.4,8.6,4512,105.0,2002,4
Movie_785,Horror,Disney,PG-13,77963282,105455347,0.8,6.0,86,110.0,2010,5
Movie_786,Thriller,Sony,PG-13,145682021,100426472,2.0,6.5,287,81.0,1990,5
Movie_787,Animation,Lionsgate,PG,108331506,79214496,18.7,5.8,2192,104.0,2008,8
Movie_788,Animation,Lionsgate,PG-13,69096600,149323429,72.0,6.7,7065,108.0,2022,9
Movie_789,Animation,Paramount,PG,36608871,28772199,23.2,4.8,3038,162.0,1993,7
Movie_790,Horror,Disney,PG-13,5426727,18252080,20.7,6.0,3002,87.0,1992,5
Movie_791,Romance,Universal,PG-13,66688418,26102654,,5.4,172,139.0,2016,3
Movie_792,Comedy,Warner Bros,G,51096431,65055950,32.1,6.6,4758,129.0,2017,1
Movie_793,Romance,Universal,G,55168053,85631353,51.8,7.5,3036,115.0,1995,11
Movie_794,Sci-Fi,Universal,PG-13,8605410,20414412,14.4,7.1,1892,145.0,1995,9
Movie_795,Thriller,Disney,PG-13,10883213,49293199,44.8,4.1,3495,117.0,2012,5
Movie_796,Horror,Netflix,R,140931346,48644859,100.1,8.5,6328,117.0,2022,9
Movie_797,Drama,Warner Bros,PG,37978615,44308465,6.8,6.8,639,108.0,2005,10
Movie_798,Action,Paramount,PG,90223531,68250309,22.2,5.7,2539,134.0,2013,12
Movie_799,Horror,A24,PG,41201369,30192652,10.2,6.7,898,131.0,1994,4
Movie_800,Comedy,Universal,PG-13,41272516,51620190,47.2,6.7,2617,97.0,2002,5
Movie_801,Action,Warner Bros,PG-13,122784404,72238426,25.9,5.8,2847,83.0,2001,4
Movie_802,Drama,Paramount,R,21439516,55167771,30.2,6.7,4235,105.0,1994,2
Movie_803,Sci-Fi,A24,PG-13,44693781,83291205,48.0,5.9,4239,93.0,2020,12
Movie_804,Sci-Fi,Universal,PG,22868469,28218957,15.1,6.1,1081,108.0,2017,1
Movie_805,Drama,Warner Bros,PG-13,23643635,82642077,74.0,5.8,6975,134.0,2017,8
Movie_806,Romance,A24,R,27480671,19258412,22.8,5.1,1250,100.0,2019,4
Movie_807,Drama,Disney,PG-13,51989925,17890636,5.2,6.6,686,109.0,2007,5
Movie_808,Animation,Netflix,PG-13,22420844,25723925,35.7,7.1,4735,111.0,2016,6
Movie_809,Animation,Lionsgate,R,179719408,127438179,47.3,7.0,5146,126.0,2015,8
Movie_810,Horror,Lionsgate,R,13612121,19414120,11.4,7.3,972,70.0,2007,11
Movie_811,Comedy,Universal,R,31824723,71149156,,6.8,7590,97.0,2022,8
Movie_812,Animation,Universal,PG-13,23495576,70676010,71.0,6.0,7488,114.0,2014,7
Movie_813,Thriller,A24,PG-13,226074118,60679922,9.7,,1286,134.0,2020,4
Movie_814,Horror,Warner Bros,PG,50418348,146010172,123.2,5.1,13939,100.0,1991,6
Movie_815,Horror,Lionsgate,PG-13,137373416,126470113,4.5,,577,72.0,2022,4
Movie_816,Horror,Universal,PG,6698053,12216456,6.8,5.5,747,122.0,2021,7
Movie_817,Action,Paramount,R,54869067,6517615,6.1,7.6,557,97.0,2007,12
Movie_818,Action,Universal,R,115821058,160359726,67.3,7.4,9811,86.0,2006,12
Movie_819,Sci-Fi,Lionsgate,PG-13,43957806,36873623,31.9,7.0,3321,97.0,2023,11
Movie_820,Horror,Sony,PG,143031643,95225395,4.9,7.6,541,106.0,1996,1
Movie_821,Romance,Netflix,G,21407542,32907809,17.4,5.6,1253,97.0,2019,5
Movie_822,Animation,Lionsgate,R,216092459,201557823,28.7,6.8,3230,70.0,2001,10
Movie_823,Sci-Fi,Paramount,PG-13,628393894,290530105,2.6,6.4,278,127.0,2000,12
Movie_824,Comedy,Warner Bros,R,25766705,61570019,64.2,7.3,4396,135.0,1993,10
Movie_825,Drama,Paramount,PG-13,23333414,34232352,,6.4,2730,123.0,2014,4
Movie_826,Action,Sony,PG-13,227818854,302286123,21.1,6.1,2330,87.0,2021,11
Movie_827,Horror,Sony,R,265065248,267440734,102.5,7.0,12952,105.0,2009,7
Movie_828,Comedy,Universal,PG-13,21264891,37940249,16.2,7.4,1657,109.0,2020,9
Movie_829,Sci-Fi,Universal,PG-13,24053133,94392611,124.3,5.8,9033,121.0,1993,5
Movie_830,Sci-Fi,Lionsgate,R,28398828,41043484,33.1,6.4,3861,123.0,1990,4
Movie_831,Action,Disney,PG,7933932,22523943,30.2,5.4,1751,95.0,1992,9
Movie_832,Sci-Fi,Netflix,PG,13224975,18930931,5.4,4.0,508,111.0,2011,5
Movie_833,Romance,Paramount,PG-13,11935540,46715454,,6.7,4252,119.0,2006,9
Movie_834,Sci-Fi,Lionsgate,PG,15849411,27402111,16.7,7.1,1143,139.0,2003,8
Movie_835,Thriller,Disney,R,38201224,28110919,5.3,6.8,372,124.0,2002,4
Movie_836,Animation,Lionsgate,R,52749121,777165,0.4,4.6,35,125.0,1991,11
Movie_837,Drama,Netflix,R,255977623,161397042,24.6,6.1,1355,111.0,2002,11
Movie_838,Sci-Fi,Netflix,PG-13,12018709,19236423,22.5,4.3,2020,138.0,2005,7
Movie_839,Animation,Sony,PG,129758667,132324602,38.1,7.9,3854,118.0,2007,5
Movie_840,Animation,Universal,PG-13,30805795,56164053,66.3,5.4,6519,92.0,1996,10
Movie_841,Thriller,Universal,R,37529713,45614402,2.5,7.8,220,,2019,4
Movie_842,Comedy,Netflix,PG,89503061,98593821,39.4,7.4,5276,123.0,1996,5
Movie_843,Sci-Fi,Lionsgate,PG-13,10352448,11446537,6.2,5.6,400,101.0,2004,5
Movie_844,Romance,Netflix,R,63015525,108030974,58.6,5.4,5893,100.0,2008,11
Movie_845,Comedy,Universal,PG-13,48629585,89069425,51.3,6.9,2883,115.0,1991,9
Movie_846,Animation,Warner Bros,PG-13,71911123,71260768,23.3,5.7,1330,119.0,2002,12
Movie_847,Animation,Lionsgate,PG-13,56344904,54282640,37.2,6.6,3994,113.0,2020,9
Movie_848,Horror,Sony,R,758126008,76601805,11.3,6.0,1204,116.0,2005,6
Movie_849,Sci-Fi,A24,PG,18526487,24551152,19.1,4.7,2632,143.0,1995,4
Movie_850,Action,Lionsgate,R,21058264,48435643,,4.3,5469,131.0,2017,2
Movie_851,Thriller,Lionsgate,PG-13,18853919,30462516,18.4,6.7,2686,113.0,2021,3
Movie_852,Thriller,Universal,R,20448650,21643804,13.3,5.9,729,128.0,1999,2
Movie_853,Action,Sony,PG,18534333,32565617,20.4,5.9,1219,89.0,2007,5
Movie_854,Drama,Lionsgate,PG,165887405,124241442,52.9,7.2,2878,117.0,1993,6
Movie_855,Animation,Universal,R,219004995,177979075,12.2,7.7,836,146.0,1998,11
Movie_856,Horror,Netflix,R,20077381,29606451,5.7,6.2,593,105.0,1996,5
Movie_857,Romance,Paramount,PG-13,14667919,40933881,37.3,6.2,4272,93.0,1997,2
Movie_858,Thriller,Sony,R,70118601,86388981,52.5,7.0,2864,96.0,1996,12
Movie_859,Comedy,Disney,R,20528656,14004080,3.2,5.1,462,88.0,1992,5
Movie_860,Animation,Warner Bros,G,85115369,52833205,8.2,6.7,1100,94.0,2006,9
Movie_861,Romance,Disney,PG-13,50805116,26389890,4.6,7.1,366,102.0,1991,4
Movie_862,Thriller,A24,R,6459788,11645914,12.8,7.2,738,81.0,2004,12
Movie_863,Horror,Netflix,PG-13,255059202,292553171,18.0,4.6,1205,110.0,2018,10
Movie_864,Drama,Sony,PG-13,343622149,270289429,41.4,5.7,2595,128.0,2011,2
Movie_865,Horror,Lionsgate,R,19089587,24703025,31.6,5.6,1969,91.0,1993,3
Movie_866,Comedy,Universal,PG-13,25009295,58173702,29.1,6.6,2964,140.0,1995,3
Movie_867,Horror,A24,G,56122001,60518435,13.0,7.0,969,120.0,2015,9
Movie_868,Romance,Sony,R,59491746,51252789,55.3,8.0,4745,130.0,2000,4
Movie_869,Animation,Warner Bros,PG-13,87772002,69942815,19.1,6.0,2844,96.0,2015,1
Movie_870,Comedy,Sony,R,444404368,460710851,116.0,6.0,13738,127.0,2006,1
Movie_871,Animation,A24,R,32205999,71574035,30.2,7.6,4375,88.0,2013,7
Movie_872,Action,Universal,PG,15279816,7965151,4.0,6.8,257,127.0,2017,7
Movie_873,Sci-Fi,Disney,PG,7608806,31919646,33.8,7.8,2981,113.0,2020,2
Movie_874,Action,Paramount,PG-13,16566347,30914828,11.8,6.8,1244,121.0,2002,9
Movie_875,Romance,Disney,PG-13,38272708,42408045,34.8,5.3,2007,86.0,2005,9
Movie_876,Sci-Fi,Universal,PG-13,343078360,237699121,2.2,5.2,110,92.0,2004,5
Movie_877,Action,A24,PG-13,21399250,12504903,5.8,4.9,678,121.0,2007,3
Movie_878,Sci-Fi,Universal,PG-13,52093229,79751004,58.1,7.2,6633,91.0,2016,3
Movie_879,Thriller,Netflix,PG,39047621,35918596,7.7,,701,119.0,2017,12
Movie_880,Horror,Warner Bros,PG-13,165763383,214315032,54.4,8.3,5383,82.0,1998,3
Movie_881,Comedy,Sony,PG-13,826176435,1027908705,9.8,7.3,897,126.0,2001,6
Movie_882,Sci-Fi,Netflix,PG-13,21061503,29234791,30.9,7.7,1619,85.0,2004,4
Movie_883,Thriller,Sony,PG,22135045,23969304,35.5,5.9,2965,121.0,2010,8
Movie_884,Horror,Disney,PG-13,139418819,124074286,21.6,5.3,1462,122.0,2022,11
Movie_885,Horror,A24,PG,90265852,89565247,10.9,7.4,652,96.0,2008,11
Movie_886,Drama,Paramount,PG-13,365233995,334321523,7.2,6.9,1048,121.0,2012,11
Movie_887,Animation,Paramount,R,80254534,54434823,1.0,6.6,109,115.0,2002,5
Movie_888,Action,Warner Bros,G,25876596,30120540,10.9,6.9,1339,99.0,1990,1
Movie_889,Drama,Universal,PG-13,80904968,134850779,,6.8,2592,89.0,2018,9
Movie_890,Animation,Warner Bros,PG-13,150646154,200251636,83.6,7.8,7466,70.0,2013,1
Movie_891,Animation,Sony,G,106598352,109172498,61.5,7.8,4532,116.0,2005,6
Movie_892,Romance,Lionsgate,PG,73201673,70919211,43.6,7.0,2602,78.0,2014,1
Movie_893,Thriller,Lionsgate,R,143236780,134485782,46.6,7.3,3164,111.0,2012,3
Movie_894,Drama,Lionsgate,PG-13,162007746,260582017,32.8,7.0,4255,104.0,2017,10
Movie_895,Drama,Universal,R,209155967,158607398,9.0,6.0,1059,123.0,2005,5
Movie_896,Animation,Warner Bros,PG-13,86742269,119285012,71.3,7.3,7464,103.0,2000,10
Movie_897,Horror,Netflix,PG-13,32588118,42927417,33.3,5.1,3247,103.0,1992,7
Movie_898,Thriller,A24,PG-13,47491268,78245859,24.7,7.6,3513,124.0,2004,10
Movie_899,Horror,Disney,PG-13,169406339,270478612,3.5,5.3,200,116.0,1990,8
Movie_900,Comedy,Sony,PG-13,14941859,26324685,17.8,6.8,1389,116.0,1996,12
Movie_901,Sci-Fi,Lionsgate,PG-13,61985309,64034528,18.5,5.7,1572,119.0,1990,9
Movie_902,Romance,A24,PG-13,24840685,65626032,60.0,7.1,7694,79.0,2021,6
Movie_903,Romance,Paramount,PG,41222459,12587171,23.7,6.5,3537,125.0,1998,11
Movie_904,Action,Netflix,PG,184681307,212123219,14.4,4.9,1066,,2018,9
Movie_905,Horror,Warner Bros,PG-13,50089345,130239599,112.9,6.9,15515,89.0,2015,8
Movie_906,Sci-Fi,Sony,PG-13,42106970,43580050,3.5,5.9,465,105.0,2012,9
Movie_907,Animation,Sony,PG-13,7788607,14654365,16.5,7.4,1195,109.0,2018,10
Movie_908,Action,Paramount,R,97513781,63897087,1.3,6.5,116,107.0,2022,4
Movie_909,Romance,Netflix,PG-13,86407152,82469523,40.4,6.9,3675,116.0,1996,9
Movie_910,Sci-Fi,Paramount,PG,533999610,705170198,75.1,5.5,11101,138.0,2001,7
Movie_911,Drama,Paramount,PG-13,27526675,24148940,9.9,5.9,674,131.0,2020,5
Movie_912,Comedy,Lionsgate,R,51804127,129125461,58.6,6.0,7613,,2021,5
Movie_913,Animation,Netflix,G,53718092,59166516,10.4,7.4,867,122.0,2009,1
Movie_914,Drama,Lionsgate,PG-13,264392139,130697524,72.5,8.2,8923,136.0,2006,2
Movie_915,Comedy,Warner Bros,PG-13,35521381,55386648,42.1,5.7,3873,117.0,1992,10
Movie_916,Animation,Paramount,PG,55662978,65086711,49.0,7.6,5283,131.0,1990,3
Movie_917,Horror,Disney,PG-13,82596330,100000,0.5,4.3,66,150.0,2016,8
Movie_918,Thriller,Sony,PG,49820193,146900534,98.8,5.3,12885,130.0,2022,6
Movie_919,Action,Netflix,R,23307357,55281243,,5.5,5315,114.0,2009,12
Movie_920,Action,Paramount,PG-13,50269444,57605169,10.9,5.1,609,130.0,2003,10
Movie_921,Thriller,Netflix,PG-13,144437594,164314277,53.1,4.9,6329,112.0,1994,11
Movie_922,Sci-Fi,Sony,PG-13,11619341,9088219,9.9,6.9,633,110.0,2012,5
Movie_923,Thriller,Universal,PG-13,46714427,70552782,61.8,6.3,5659,102.0,2004,1
Movie_924,Horror,A24,PG-13,17190286,22094409,3.6,6.9,377,141.0,1995,12
Movie_925,Romance,Universal,G,167092139,88251469,36.5,7.2,3294,93.0,2022,11
Movie_926,Thriller,Paramount,PG-13,6402350,15038170,23.3,6.8,2375,140.0,2008,12
Movie_927,Comedy,Sony,PG,20364297,16837495,3.0,7.2,448,119.0,2002,9
Movie_928,Romance,A24,PG-13,62623693,51752001,8.3,6.4,527,82.0,2018,3
Movie_929,Thriller,Universal,PG,260634300,222934430,0.4,5.3,47,117.0,1995,3
Movie_930,Action,Paramount,PG-13,36803359,53071460,19.0,7.6,1702,70.0,2004,2
Movie_931,Drama,Sony,PG,20455463,28347379,10.8,5.9,683,122.0,2005,4
Movie_932,Comedy,Paramount,R,380649089,361227467,27.4,5.6,1804,127.0,2013,12
Movie_933,Horror,Lionsgate,PG-13,7006741,17328104,10.6,6.3,1536,98.0,2012,2
Movie_934,Comedy,Sony,PG-13,2846022,8849609,10.7,5.6,1476,112.0,1999,9
Movie_935,Animation,Universal,R,67525599,99529354,40.8,6.1,5740,149.0,2006,12
Movie_936,Sci-Fi,Paramount,PG-13,21802494,24102034,1.5,6.8,223,99.0,2019,10
Movie_937,Drama,Netflix,R,11693230,48472789,70.0,6.8,4958,88.0,1999,7
Movie_938,Comedy,Universal,G,93178515,57048711,57.4,5.6,4910,139.0,2008,8
Movie_939,Animation,Paramount,PG-13,53359407,51056313,33.1,6.0,3870,149.0,2018,3
Movie_940,Thriller,Netflix,PG-13,20238669,29647447,27.0,7.6,2656,110.0,1991,6
Movie_941,Comedy,Netflix,R,8568769,55175366,66.9,7.0,6144,130.0,2008,10
Movie_942,Comedy,Warner Bros,PG-13,113458625,66973009,6.1,8.6,523,136.0,1996,6
Movie_943,Comedy,Netflix,R,86897638,41548244,2.5,7.7,273,95.0,2015,1
Movie_944,Sci-Fi,Universal,PG-13,35356364,25497033,8.2,7.6,881,100.0,2004,6
Movie_945,Comedy,Universal,R,365203173,485605769,47.5,5.1,3141,134.0,1992,3
Movie_946,Comedy,Disney,PG-13,11027451,9641494,1.1,7.3,106,143.0,2005,11
Movie_947,Sci-Fi,A24,PG,6384410,23269763,26.2,6.4,2760,121.0,1991,3
Movie_948,Animation,Lionsgate,R,17360539,128586529,161.7,5.9,17306,92.0,2020,3
Movie_949,Romance,Universal,R,37704755,86950531,58.1,6.7,4125,149.0,2017,10
Movie_950,Drama,Sony,PG-13,53329880,43222608,22.1,7.4,2745,99.0,1996,11
Movie_951,Animation,A24,G,29814837,40750535,2.0,7.0,105,103.0,2019,11
Movie_952,Horror,Netflix,PG,60761472,89553203,53.4,5.6,4564,116.0,1996,10
Movie_953,Romance,Paramount,PG-13,8869710,27240618,27.4,7.2,3507,141.0,2018,11
Movie_954,Action,Warner Bros,G,225204069,408084442,3.7,5.9,393,127.0,2013,8
Movie_955,Sci-Fi,Sony,PG-13,36086110,15587318,3.0,6.7,228,118.0,1993,5
Movie_956,Sci-Fi,A24,PG-13,152207457,153512521,72.1,,8615,119.0,2018,4
Movie_957,Comedy,Sony,R,60084977,42133740,33.2,6.3,3543,110.0,1994,9
Movie_958,Comedy,Sony,PG,68895668,121604735,53.0,7.3,6870,121.0,2018,9
Movie_959,Horror,Sony,PG-13,78902284,163794173,63.4,5.5,7830,70.0,2019,1
Movie_960,Action,A24,PG-13,68151946,118382951,25.4,8.4,2819,104.0,2018,2
Movie_961,Comedy,Warner Bros,PG-13,86121298,126338260,21.9,4.7,2164,114.0,2015,8
Movie_962,Thriller,Netflix,PG-13,196266313,152088554,,5.9,1070,86.0,2008,5
Movie_963,Comedy,Disney,PG-13,50416315,40401410,11.4,6.9,867,117.0,2015,7
Movie_964,Comedy,Lionsgate,PG-13,93250922,23957488,17.1,7.1,1571,105.0,2016,1
Movie_965,Thriller,Netflix,R,35759165,89831787,44.6,6.4,4902,,2019,12
Movie_966,Action,Universal,PG-13,224220535,240832234,27.6,6.4,2797,141.0,2019,10
Movie_967,Thriller,A24,R,17686801,54662983,66.9,6.9,5272,100.0,1992,12
Movie_968,Sci-Fi,Sony,R,345716115,470807159,17.6,6.3,891,106.0,1996,5
Movie_969,Thriller,Netflix,R,37951153,35171908,28.0,7.9,2789,108.0,1998,11
Movie_970,Drama,Universal,PG,7153196,26534015,29.9,7.3,2349,100.0,2002,12
Movie_971,Sci-Fi,A24,PG-13,46442488,54039059,26.9,7.4,3321,113.0,2004,3
Movie_972,Comedy,Universal,PG-13,17588186,40577817,36.4,5.5,1907,94.0,1994,10
Movie_973,Horror,Sony,PG-13,109208805,90395927,8.1,6.4,878,87.0,2018,12
Movie_974,Sci-Fi,Disney,PG-13,18198527,20944921,21.5,6.2,3099,122.0,2016,12
Movie_975,Action,A24,PG-13,23314356,21450290,3.3,5.5,222,,2016,2
Movie_976,Action,Universal,PG-13,4124894,15166496,14.6,6.9,1418,93.0,1997,2
Movie_977,Thriller,Paramount,PG-13,23143682,30670475,20.1,6.0,1188,127.0,2021,9
Movie_978,Sci-Fi,Universal,PG-13,2172403,25397467,31.7,7.2,3568,97.0,2009,4
Movie_979,Comedy,Lionsgate,R,5952468,66322582,90.2,5.4,9475,115.0,1999,4
Movie_980,Action,Sony,PG-13,99185023,97046147,27.5,8.2,2495,126.0,2002,7
Movie_981,Romance,Warner Bros,PG-13,102252948,84993144,40.8,5.6,4167,109.0,2018,10
Movie_982,Comedy,Universal,PG-13,66356287,89431779,21.2,6.7,2960,119.0,1997,10
Movie_983,Romance,Disney,R,12479884,29445111,30.2,7.3,2102,99.0,2018,2
Movie_984,Drama,Paramount,PG-13,37608715,41796085,2.2,5.9,114,106.0,2020,3
Movie_985,Romance,Paramount,PG-13,39652991,55770781,8.8,7.4,1198,105.0,2019,3
Movie_986,Animation,Warner Bros,PG,9918997,20337262,13.5,5.3,1454,95.0,2011,6
Movie_987,Action,Netflix,PG-13,241910398,234896394,19.2,8.0,2670,106.0,2010,3
Movie_988,Thriller,Lionsgate,PG-13,114128406,46738975,1.4,6.5,153,79.0,2001,11
Movie_989,Drama,Warner Bros,R,30549014,27833166,4.5,5.9,589,100.0,2000,5
Movie_990,Sci-Fi,Lionsgate,R,41130603,30785950,9.7,6.2,901,104.0,1991,4
Movie_991,Comedy,Universal,R,51139071,113969212,106.8,7.3,13348,104.0,1991,3
Movie_992,Action,Sony,R,3436342,11702262,12.1,5.9,1709,105.0,2023,8
Movie_993,Drama,Disney,PG-13,29603025,26152915,,5.8,2112,108.0,1992,10
Movie_994,Drama,Paramount,R,17568514,4433799,6.5,6.3,442,119.0,2005,3
Movie_995,Animation,Warner Bros,PG-13,11971698,24877835,28.3,5.3,2175,127.0,1993,6
Movie_996,Action,Disney,PG-13,28422159,31268231,9.9,8.3,691,97.0,2012,7
Movie_997,Sci-Fi,Lionsgate,PG-13,344368833,94331004,7.0,5.9,522,85.0,2009,7
Movie_998,Sci-Fi,Sony,PG,85927238,83694802,21.8,7.3,1757,89.0,2014,2
Movie_999,Thriller,Paramount,PG-13,20066959,31448610,0.2,6.7,21,100.0,2019,3
Movie_1000,Horror,Paramount,PG-13,79169314,95875325,0.2,5.5,21,,2007,12
